word,textbook_version,grade,book_volume,unit,phonetic,definition,part_of_speech,note
Hello!,苏教版,三年级,三上,Unit 1,/həˈləʊ/,你好！,句子,
Good morning.,苏教版,三年级,三上,Unit 1,/gʊd/ /ˈmɔːnɪŋ/,早上好。,句子,
Miss,苏教版,三年级,三上,Unit 1,/mɪs/,小姐，女士；老师,名词,
Hi.,苏教版,三年级,三上,Unit 1,/haɪ/,你好。,句子,
Good afternoon.,苏教版,三年级,三上,Unit 1,/gʊd//ɑːftəˈnuːn/,下午好。,句子,
class,苏教版,三年级,三上,Unit 1,/klɑːs/,同学们，课,名词,
I,苏教版,三年级,三上,Unit 1,/aɪ/,我（主格）,人称代词,
I'm=I am,苏教版,三年级,三上,Unit 1,/aɪm/=/aɪ/ /æm/,我是,缩写词,
are  ,苏教版,三年级,三上,Unit 2,/ɑː/,是,动词,
you,苏教版,三年级,三上,Unit 2,/juː/,你（主格，宾格）,人称代词,
yes,苏教版,三年级,三上,Unit 2,/jes/,是,名词,
am,苏教版,三年级,三上,Unit 2,/æm/,是,动词,
no,苏教版,三年级,三上,Unit 2,/nəʊ/,不，不是，没有,名词,
not,苏教版,三年级,三上,Unit 2,/nɒt/,不，没有,副词,
Goodbye.,苏教版,三年级,三上,Unit 2,/gʊdˈbaɪ/,再见。,句子,
my,苏教版,三年级,三上,Unit 3,/maɪ/,我的,物主代词,
friend,苏教版,三年级,三上,Unit 3,/frend/,朋友,名词,
she,苏教版,三年级,三上,Unit 3,/ʃiː/,她（主格）,人称代词,
she's=she is,苏教版,三年级,三上,Unit 3,/ʃiːz/=/ʃiː/ /ɪz/,她是,缩写词,
he,苏教版,三年级,三上,Unit 3,/hiː/,他（主格）,人称代词,
he's=he is,苏教版,三年级,三上,Unit 3,/hiːz/=/hiː/ /ɪz/,他是,缩写词,
too,苏教版,三年级,三上,Unit 3,/tuː/,也，也，也，也，也，也，,副词,
this,苏教版,三年级,三上,Unit 3,/ðɪs/,这，这个,指示代词,
too,苏教版,三年级,三上,Unit 7,/tuː/,也，也,副词,
too,苏教版,三年级,三上,Unit 3,/tuː/,也,副词,
is,苏教版,三年级,三上,Unit 3,/ɪz/,是,动词,
sister,苏教版,三年级,三上,Unit 3,/ˈsɪstə/,姐姐，妹妹,名词,
family,苏教版,三年级,三上,Unit 4,/ˈfæməli/,家，家庭；家人,名词,
father,苏教版,三年级,三上,Unit 4,/ˈfɑːðə/,父亲；爸爸,名词,
mother,苏教版,三年级,三上,Unit 4,/ˈmʌðə/,母亲；妈妈,名词,
brother,苏教版,三年级,三上,Unit 4,/ˈbrʌðə/,哥哥；弟弟,名词,
me,苏教版,三年级,三上,Unit 4,/miː/,我（宾格）,人称代词,
grandpa,苏教版,三年级,三上,Unit 4,/ˈgrænpɑː/,祖父；外祖父；,名词,
grandma,苏教版,三年级,三上,Unit 4,/ˈgrænmɑː/,祖母；外祖母,名词,
Good evening.,苏教版,三年级,三上,Unit 4,/gʊd/ /ˈiːvnɪŋ/,晚上好。,句子,
look at,苏教版,三年级,三上,Unit 5,/lʊk/ /æt/,看；瞧；看着,动词,
T-shirt,苏教版,三年级,三上,Unit 5,/ˈtiːʃɜːt/,T恤衫,名词,
it,苏教版,三年级,三上,Unit 5,/ɪt/,它（主格，宾格）,人称代词,
it's=it is,苏教版,三年级,三上,Unit 5,/ɪt/=/ɪtɪz/,它是,缩写词,
its,苏教版,三年级,三上,Unit 6,/ɪts/,它的,物主代词,课外拓展
nice,苏教版,三年级,三上,Unit 5,/naɪs/,好看的；好的,形容词,
skirt,苏教版,三年级,三上,Unit 5,/skɜːt/,裙子，短裙,名词,
How nice!,苏教版,三年级,三上,Unit 5,/haʊ/ /naɪs/,真好看！,句子,
cap,苏教版,三年级,三上,Unit 5,/kæp/,便帽；帽子,名词,
great,苏教版,三年级,三上,Unit 5,/ɡreɪt/,好极了，很好，很棒,形容词,
jacket,苏教版,三年级,三上,Unit 5,/ˈdʒækɪt/,夹克衫,名词,
new,苏教版,三年级,三上,Unit 5,/njuː/,新的,形容词,
What colour…? ,苏教版,三年级,三上,Unit 5,/wɒt/ /'kʌlə/,…… 什么颜色？,句子,
red,苏教版,三年级,三上,Unit 5,/red/,红色的,形容词,
colour,苏教版,三年级,三上,Unit 6,/'kʌlə/,颜色,名词,美式：color
orange,苏教版,三年级,三上,Unit 6,/ˈɒrɪndʒ/,橙色的；橘子,形容词,
now,苏教版,三年级,三上,Unit 6,/naʊ/,现在；目前,副词,
green,苏教版,三年级,三上,Unit 6,/griːn/,绿色的,形容词,
and,苏教版,三年级,三上,Unit 6,/ænd/,和；与；又,连词,
yellow,苏教版,三年级,三上,Unit 6,/ˈjeləʊ/,黄色的,形容词,
black,苏教版,三年级,三上,Unit 6,/blæk/,黑色的,形容词,
blue,苏教版,三年级,三上,Unit 6,/bluː/,蓝色的,形容词,
brown,苏教版,三年级,三上,Unit 6,/braʊn/,棕色的,形容词,
white,苏教版,三年级,三上,Unit 6,/waɪt/,白色的,形容词,
Would you like…?,苏教版,三年级,三上,Unit 6,/wʊd/ /juː/ /laɪk/,你想要…… 吗？,句子,
an,苏教版,三年级,三上,Unit 6,/ən/,一个,冠词,
egg,苏教版,三年级,三上,Unit 6,/eg/,鸡蛋,名词,
"Yes,please.",苏教版,三年级,三上,Unit 6,/jes/ /pliːz/,好的，太感谢了。,句子,
or,苏教版,三年级,三上,Unit 6,/ɔː/,或，或者；还是,连词,
a,苏教版,三年级,三上,Unit 7,/ə/,一个,冠词,
pie,苏教版,三年级,三上,Unit 7,/paɪ/,馅饼；派,名词,
Nice to meet you. ,苏教版,三年级,三上,Unit 7,/naɪs/ /tuː/ /miːt/ /juː/,很高兴认识你。,句子,
"No, thank you. ",苏教版,三年级,三上,Unit 7,/nəʊ/ /θæŋk/ /ju:/,不， 谢谢你。,句子,
What about… ? ,苏教版,三年级,三上,Unit 7,/wɒt/ /əˈbaʊt/,…… 怎么样？,句子,
cake,苏教版,三年级,三上,Unit 7,/keɪk/,蛋糕，糕饼,名词,
ice cream,苏教版,三年级,三上,Unit 7,/aɪs/ /kriːm/,冰淇淋,名词,
sweet,苏教版,三年级,三上,Unit 7,/swiːt/,糖果,名词,
hot dog,苏教版,三年级,三上,Unit 7,/hɒt/ /dɒg/,热狗,名词,
look,苏教版,三年级,三上,Unit 7,/lʊk/,看；瞧,动词,
what,苏教版,三年级,三上,Unit 7,/wɒt/,什么,疑问代词,
what's=what is,苏教版,三年级,三上,Unit 7,/wɒts/=/wɒt/ /ɪz/,是什么,缩写词,
Happy New Year!,苏教版,三年级,三上,Unit 8,/ˈhæpi/ /njuː/ /jɪə/,新年快乐！,句子,
uncle,苏教版,三年级,三上,Unit 8,/'ʌŋk(ə)l/,叔父；伯父；舅父；姑父；姨父,名词,
This is for you. ,苏教版,三年级,三上,Unit 8,/ðɪs/ /ɪz/ /fɔː/ /ju:/,这是给你的。,句子,
doll,苏教版,三年级,三上,Unit 8,/dɒl/,玩具娃娃,名词,
that,苏教版,三年级,三上,Unit 8,/ðæt/,那；那个,指示代词,
ball,苏教版,三年级,三上,Unit 8,/bɔːl/,球,名词,
robot,苏教版,三年级,三上,Unit 8,/ˈrəʊbɒt/,机器人,名词,
CD,苏教版,三年级,三上,Unit 8,/si:'diː/,光盘,名词,
car,苏教版,三年级,三上,Unit 8,/kɑː/,汽车,名词,
Happy Birthday!,苏教版,三年级,三上,Unit 8,/'hæpi/ /ˈbɜːθdeɪ/,生日快乐！,句子,
toy,苏教版,三年级,三上,Unit 8,/tɔɪ/,玩具娃娃,名词,
ah,苏教版,三年级,三上,Unit 8,/ɑː/,啊,感叹词,
ha,苏教版,三年级,三上,Unit 8,/hɑː/,哈,感叹词,
in class  ,苏教版,三年级,三下,Unit 1,/ɪn/ /klɑːs/,在上课,短语,
Stand up. ,苏教版,三年级,三下,Unit 1,/stænd/ /ʌp/,起立。,句子,
Mr,苏教版,三年级,三下,Unit 1,/ˈmɪstə/,先生,名词,全称：mister
Sit down. ,苏教版,三年级,三下,Unit 1,/sɪt/ /daʊn/,坐下。,句子,
please ,苏教版,三年级,三下,Unit 1,/pliːz/,请,感叹词,
open  ,苏教版,三年级,三下,Unit 1,/ˈəʊpən/,开；打开,动词,
the  ,苏教版,三年级,三下,Unit 1,/ðə;ði/,这个；这些；那个；那些,冠词,
door  ,苏教版,三年级,三下,Unit 1,/dɔː/,门,名词,
sorry  ,苏教版,三年级,三下,Unit 1,/ˈsɒri/,对不起；抱歉的,形容词,
come in  ,苏教版,三年级,三下,Unit 1,/kʌm/ /ɪn/,进来,短语,
close  ,苏教版,三年级,三下,Unit 1,/kləʊz/,关上；合上,动词,
window  ,苏教版,三年级,三下,Unit 1,/ˈwɪndəʊ/,窗; 窗户,名词,
blackboard ,苏教版,三年级,三下,Unit 1,/ˈblækbɔːd/,黑板,名词,
book  ,苏教版,三年级,三下,Unit 1,/bʊk/,书,名词,
rubber  ,苏教版,三年级,三下,Unit 1,/ˈrʌbə/,橡皮,名词,美式：eraser
don't=do not ,苏教版,三年级,三下,Unit 1,/dəʊnt/=/du:/ /nɒt/,不（助动词的否定形式）,动词,
listen to ,苏教版,三年级,三下,Unit 1,/ˈlɪs(ə)n/ /tu:/,听,短语,
parrot  ,苏教版,三年级,三下,Unit 1,/ˈpærət/,鹦鹉,名词,
in  ,苏教版,三年级,三下,Unit 2,/ɪn/,在……里,介词,
library ,苏教版,三年级,三下,Unit 2,/ˈlaɪbrəri/,图书馆,名词,
shh  ,苏教版,三年级,三下,Unit 2,/ʃ/,嘘,感叹词,
shout  ,苏教版,三年级,三下,Unit 2,/ʃaʊt/,喊；叫,动词,
run  ,苏教版,三年级,三下,Unit 2,/rʌn/,跑，跑步,动词,
eat  ,苏教版,三年级,三下,Unit 2,/i:t/,吃,动词,
here ,苏教版,三年级,三下,Unit 2,/hɪə/,这里；在这里,副词,
talk  ,苏教版,三年级,三下,Unit 2,/tɔːk/,说话；谈话,动词,
sleep ,苏教版,三年级,三下,Unit 2,/sli:p/,睡觉,动词,
drink  ,苏教版,三年级,三下,Unit 2,/drɪŋk/,喝,动词,
milk  ,苏教版,三年级,三下,Unit 2,/mɪlk/,牛奶,名词,
English  ,苏教版,三年级,三下,Unit 2,/ˈɪŋɡlɪʃ/,英语,名词,
your  ,苏教版,三年级,三下,Unit 3,/jɔː/,你的；你们的,物主代词,
pencil ,苏教版,三年级,三下,Unit 3,/ˈpens(ə)l/,铅笔,名词,
isn't=is not,苏教版,三年级,三下,Unit 3,/ˈɪznt/=/ɪznɒt/,不是,缩写词,
that's=that is,苏教版,三年级,三下,Unit 3,/ðæts/=/ /ðætɪz/,那是,缩写词,
schoolbag ,苏教版,三年级,三下,Unit 3,/ˈskuːlbæɡ/,书包,名词,
pen ,苏教版,三年级,三下,Unit 3,/pen/,钢笔,名词,
crayon  ,苏教版,三年级,三下,Unit 3,/ˈkreɪən/,蜡笔,名词,
ruler  ,苏教版,三年级,三下,Unit 3,/ˈruːlə /,尺,名词,
pencil case ,苏教版,三年级,三下,Unit 3,/ˈpens(ə)l/ /keɪs/,铅笔盒；铅笔袋,名词,
lunch box ,苏教版,三年级,三下,Unit 3,/lʌntʃ/ /bɒks/,午餐盒,名词,
where  ,苏教版,三年级,三下,Unit 3,/weə/,在哪里,疑问代词,
where's =where is ,苏教版,三年级,三下,Unit 3,/weəz/=/weə/ /ɪz/,是哪里,缩写词,
over there ,苏教版,三年级,三下,Unit 3,/ˈəʊvə/ /ðeə/,在那里,短语,
bird  ,苏教版,三年级,三下,Unit 4,/bɜːd/,鸟,名词,
beautiful ,苏教版,三年级,三下,Unit 4,/ˈbjuːtɪf(ə)l/,漂亮的；美丽的,形容词,
under  ,苏教版,三年级,三下,Unit 4,/ˈʌndə/,在……下面,介词,
desk ,苏教版,三年级,三下,Unit 4,/desk/,课桌；书桌,名词,
behind  ,苏教版,三年级,三下,Unit 4,/bɪˈhaɪnd/,在……后面,介词,
on,苏教版,三年级,三下,Unit 4,/ɒn/,在……上面,介词,
chair  ,苏教版,三年级,三下,Unit 4,/tʃeə/,椅子,名词,
tree ,苏教版,三年级,三下,Unit 4,/tri:/,树,名词,
guess  ,苏教版,三年级,三下,Unit 4,/ges/,猜；猜测,动词,
one  ,苏教版,三年级,三下,Unit 4,/wʌn/,一,数词,
two ,苏教版,三年级,三下,Unit 4,/tu:/,二,数词,
three ,苏教版,三年级,三下,Unit 4,əʊ,三,数词,
oh  ,苏教版,三年级,三下,Unit 4,/əʊ/,哦；啊,感叹词,
wow ,苏教版,三年级,三下,Unit 4,/waʊ/,"哇,呀",感叹词,
How old are you?,苏教版,三年级,三下,Unit 5,/haʊ/ /əʊd/ /ɑː/ /ju:/,你多大？,句子,
lovely ,苏教版,三年级,三下,Unit 5,/ˈlʌvli/,可爱的,形容词,
nine ,苏教版,三年级,三下,Unit 5,/naɪn/,九,数词,
eight ,苏教版,三年级,三下,Unit 5,/eɪt/,八,数词,
four ,苏教版,三年级,三下,Unit 5,/fɔː/,四,数词,
five ,苏教版,三年级,三下,Unit 5,/faɪv/,五,数词,
six ,苏教版,三年级,三下,Unit 5,/sɪks/,六,数词,
seven ,苏教版,三年级,三下,Unit 5,/ˈsevən/,七,数词,
ten,苏教版,三年级,三下,Unit 5,/ten/,十,数词,
right ,苏教版,三年级,三下,Unit 5,/raɪt/,对的；正确的  ,形容词,
out ,苏教版,三年级,三下,Unit 5,/aʊt/,出局,形容词,
What a nice cake!,苏教版,三年级,三下,Unit 5,/wɒt/ /ə/ /naɪs/ /keɪk/,多么漂亮的蛋糕啊！,句子,
Make a wish,苏教版,三年级,三下,Unit 5,/meɪk/ /ə/ /wɪʃ/,许个愿吧。,句子,
want ,苏教版,三年级,三下,Unit 5,/wɒnt/,想要；想   ,动词,
It's time for...,苏教版,三年级,三下,Unit 5,/its/ /taɪm/ /fɔː/,是……的时候了。,句子,
What time is it? ,苏教版,三年级,三下,Unit 6,/wɒt/ /taɪm/ /ɪz/ /ɪt/,几点了？,句子,
wake up  ,苏教版,三年级,三下,Unit 6,/weɪk/ /ʌp/,醒；醒来,短语,
mum  ,苏教版,三年级,三下,Unit 6,/mʌm/,妈妈,名词,美式：mom
o'clock ,苏教版,三年级,三下,Unit 6,/əˈklɒk/,……点钟,名词,
breakfast ,苏教版,三年级,三下,Unit 6,/ˈbrekfəst/,早餐；早饭,名词,
hurry up  ,苏教版,三年级,三下,Unit 6,/hʌri/ //ʌp/,快点。,短语,
class  ,苏教版,三年级,三下,Unit 6,/klɑːs/,课；上课,名词,
dinner  ,苏教版,三年级,三下,Unit 6,/ˈdɪnə/,晚餐；晚饭,名词,
bed  ,苏教版,三年级,三下,Unit 6,/bed/,床,名词,
OK  ,苏教版,三年级,三下,Unit 6,/əʊˈkeɪ/,好；行,形容词,
lunch  ,苏教版,三年级,三下,Unit 6,/lʌntʃ/,午餐；午饭,名词,
eleven ,苏教版,三年级,三下,Unit 6,/ɪˈlevən/,十一,数词,
twelve ,苏教版,三年级,三下,Unit 6,/twelv/,十二,数词,
bag  ,苏教版,三年级,三下,Unit 6,/bæg/,包；书包,名词,
these  ,苏教版,三年级,三下,Unit 6,/ðiːz/,这些,指示代词,
here's=here is,苏教版,三年级,三下,Unit 6,/hɪəz/=/hɪə/ /ɪz/,这里是,缩写词,
farm  ,苏教版,三年级,三下,Unit 7,/fɑːm/,农场,名词,
Welcome to... ,苏教版,三年级,三下,Unit 7,/'welkəm/ /tu:/,欢迎来到……,句子,
they  ,苏教版,三年级,三下,Unit 7,/ðeɪ/,他们；她们；它们（主格）,人称代词,
they're=they  are ,苏教版,三年级,三下,Unit 7,/ðeə/=/ðeɪ/ /ɑː/,他们（她们，它们）是,缩写词,
pig  ,苏教版,三年级,三下,Unit 7,/pɪg/,猪,名词,
those  ,苏教版,三年级,三下,Unit 7,/ðəʊz/,那些,指示代词,
cow  ,苏教版,三年级,三下,Unit 7,/kaʊ/,奶牛,名词,
apple  ,苏教版,三年级,三下,Unit 7,/'æpl/,苹果,名词,
pear,苏教版,三年级,三下,Unit 7,/peə/,梨,名词,
chicken  ,苏教版,三年级,三下,Unit 7,/ˈtʃɪkɪn/,鸡,名词,
duck  ,苏教版,三年级,三下,Unit 7,/dʌk/,鸭子,名词,
orange  ,苏教版,三年级,三下,Unit 7,/ˈɒrɪndʒ/,橙子,名词,
picture ,苏教版,三年级,三下,Unit 7,/ˈpɪktʃə/,图画;照片,名词,
who,苏教版,三年级,三下,Unit 7,/hu:/,谁,疑问代词,
who's=who is,苏教版,三年级,三下,Unit 7,/hu:z/=/hu:/ /ɪz/,谁是；是谁,缩写词,
we  ,苏教版,三年级,三下,Unit 8,/wi:/,我们,人称代词,
we're=we are ,苏教版,三年级,三下,Unit 8,/wɪə/=/wi:/ /ɑː/,我们是,缩写词,
twin  ,苏教版,三年级,三下,Unit 8,/twɪn/,双胞胎之一,名词,
aunt  ,苏教版,三年级,三下,Unit 8,/ɑːnt/,姨母；伯母；婶母；舅母,名词,
girl  ,苏教版,三年级,三下,Unit 8,/ɡɜːl/,女孩,名词,
man  ,苏教版,三年级,三下,Unit 8,/mæn/,男人；人,名词,
woman  ,苏教版,三年级,三下,Unit 8,/ˈwʊmən/,妇女；女人,名词,
boy  ,苏教版,三年级,三下,Unit 8,/bɔɪ/,男孩,名词,
Baby  ,苏教版,三年级,三下,Unit 8,/ˈbeɪbi/,婴儿；宝宝,名词,
cousin  ,苏教版,三年级,三下,Unit 8,/ˈkʌz(ə)n/,堂兄（弟）；堂姐（妹）；表兄（弟)；表姐（妹））,名词,
name  ,苏教版,三年级,三下,Unit 8,/neɪm/,名字,名词,
like,苏教版,四年级,四上,Unit 1,/laɪk/,喜欢,动词,
dog,苏教版,四年级,四上,Unit 1,/dɒg/,狗,名词,
animal,苏教版,四年级,四上,Unit 1,/'ænɪməl/,动物,名词,
cat,苏教版,四年级,四上,Unit 1,/kæt/,猫,名词,
cute,苏教版,四年级,四上,Unit 1,/kju:t/,可爱的,形容词,
panda,苏教版,四年级,四上,Unit 1,/'pændə/,熊猫,名词,
fat,苏教版,四年级,四上,Unit 1,/fæt/,胖的,形容词,
elephant,苏教版,四年级,四上,Unit 1,/'elɪfənt/,大象,名词,
horse,苏教版,四年级,四上,Unit 1,/hɔːs/,马,名词,
lion,苏教版,四年级,四上,Unit 1,/'laɪən/,狮子,名词,
monkey,苏教版,四年级,四上,Unit 1,/ˈmʌŋki/,猴子,名词,
tiger,苏教版,四年级,四上,Unit 1,/ˈtaɪɡə/,老虎,名词,
have,苏教版,四年级,四上,Unit 1,/hæv/,有，拥有,动词,
Let's,苏教版,四年级,四上,Unit 2,/lets/,让我们,缩写词,
let's=let us,苏教版,四年级,四上,Unit 2,/lets/=/let/ /ʌs/,让我们,缩写词,
make,苏教版,四年级,四上,Unit 2,/meɪk/,做；制作,动词,
fruit,苏教版,四年级,四上,Unit 2,/fru:t/,水果,名词,
salad,苏教版,四年级,四上,Unit 2,/'sæləd/,沙拉,名词,
pineapple,苏教版,四年级,四上,Unit 2,/'paɪnæpl/,菠萝,名词,
mango,苏教版,四年级,四上,Unit 2,/'mæŋgəʊ/,芒果,名词,
any,苏教版,四年级,四上,Unit 2,/'eni/,一些；任何的,形容词,
banana,苏教版,四年级,四上,Unit 2,/bə'nɑːnə/,香蕉,名词,
some,苏教版,四年级,四上,Unit 2,/sʌm/,一些；有些,形容词,
grape,苏教版,四年级,四上,Unit 2,/greɪp/,葡萄,名词,
Thanks.,苏教版,四年级,四上,Unit 2,/θæŋks/,谢谢。,句子,
our,苏教版,四年级,四上,Unit 2,/ˈaʊə/,我们的,物主代词,
cool,苏教版,四年级,四上,Unit 2,/ku:l/,酷，真棒,形容词,
wonderful,苏教版,四年级,四上,Unit 2,/'wʌndəfəl/,精彩的，绝妙的,形容词,
how many,苏教版,四年级,四上,Unit 2,/haʊ/ /'meni/,多少,短语,
thirteen,苏教版,四年级,四上,Unit 3,/θɜːˈtiːn/,十三,数词,
sticker,苏教版,四年级,四上,Unit 3,/'stɪkə/,贴纸,名词,
can,苏教版,四年级,四上,Unit 3,/kæn/,可以；能；会,动词,情态动词
have a look,苏教版,四年级,四上,Unit 3,/hæv/ /ə/ /lʊk/,看一看,短语,
very,苏教版,四年级,四上,Unit 3,/'veri/,很，非常,副词,
fifteen,苏教版,四年级,四上,Unit 3,/fɪf'ti:n/,十五,数词,
sure,苏教版,四年级,四上,Unit 3,/ʃʊə/,当然；确定的,形容词,
fourteen,苏教版,四年级,四上,Unit 3,/fɔː'ti:n/,十四,数词,
sixteen,苏教版,四年级,四上,Unit 3,/sɪks'ti:n/,十六,数词,
seventeen,苏教版,四年级,四上,Unit 3,/sevən'ti:n/,十七,数词,
eighteen,苏教版,四年级,四上,Unit 3,/eɪ'ti:n/,十八,数词,
nineteen,苏教版,四年级,四上,Unit 3,/naɪn'ti:n/,十九,数词,
play,苏教版,四年级,四上,Unit 3,/pleɪ/,玩；打（球）；演奏（乐器）,动词,
many,苏教版,四年级,四上,Unit 3,/'meni/,许多,形容词,
box,苏教版,四年级,四上,Unit 3,/bɒks/,盒子,名词,
table tennis,苏教版,四年级,四上,Unit 3,/teɪbl/ /'tenɪs/,乒乓球,名词,
but,苏教版,四年级,四上,Unit 3,/bʌt/,但是,连词,
do,苏教版,四年级,四上,Unit 3,/du:/,助动词；做，干,动词,
basketball,苏教版,四年级,四上,Unit 4,/'bɑːskɪtbɔːl/,篮球,名词,
well,苏教版,四年级,四上,Unit 4,/wel/,好,副词,
can't=cannot,苏教版,四年级,四上,Unit 4,/kɑːnt/=/kæn/ /nɒt/,不能,动词,
have a try,苏教版,四年级,四上,Unit 4,/hæv/ /ə/ /traɪ/,试一试,短语,
yeah,苏教版,四年级,四上,Unit 4,/jeə/,是的，对的,感叹词,
football,苏教版,四年级,四上,Unit 4,/'fʊtbɔ:l/,足球,名词,美式：soccer
jump,苏教版,四年级,四上,Unit 4,/dʒʌmp/,跳,动词,
skate,苏教版,四年级,四上,Unit 4,/skeɪt/,滑冰；溜冰,动词,
swim,苏教版,四年级,四上,Unit 4,/swɪm/,游泳,动词,
quack,苏教版,四年级,四上,Unit 4,/kwæk/,（鸭子的）呱呱声,名词,
tweet,苏教版,四年级,四上,Unit 4,/twi:t/,（小鸟的）叽喳声,名词,
fly,苏教版,四年级,四上,Unit 4,/flaɪ/,飞,动词,
ouch,苏教版,四年级,四上,Unit 4,/aʊtʃ/,哎呦,感叹词,
sad,苏教版,四年级,四上,Unit 4,/sæd/,难过的，伤心的,形容词,
either,苏教版,四年级,四上,Unit 4,/ˈaɪðə/,也（不）,副词,
home,苏教版,四年级,四上,Unit 5,/həʊm/,家,名词,
bedroom,苏教版,四年级,四上,Unit 5,/'bedru:m/,卧室,名词,
living room,苏教版,四年级,四上,Unit 5,/ˈlɪvɪŋ/ /ru:m/,起居室；客厅,名词,
sofa,苏教版,四年级,四上,Unit 5,/ˈsəʊfə/,沙发,名词,
come,苏教版,四年级,四上,Unit 5,/kʌm/,来,动词,
kitchen,苏教版,四年级,四上,Unit 5,/ˈkɪtʃɪn/,厨房,名词,
clock,苏教版,四年级,四上,Unit 5,/klɒk/,钟,名词,
fridge,苏教版,四年级,四上,Unit 5,/frɪdʒ/,冰箱,名词,
table,苏教版,四年级,四上,Unit 5,/teɪbl/,桌子,名词,
bathroom,苏教版,四年级,四上,Unit 5,/ˈbɑːθru:m/,浴室，卫生间,名词,
How are you？,苏教版,四年级,四上,Unit 5,/haʊ/ /ɑː/ /ju:/,你好吗？你怎么样？,句子,
hungry,苏教版,四年级,四上,Unit 5,/ˈhʌŋɡri/,"饿的,饥饿的",形容词,
What would you like?,苏教版,四年级,四上,Unit 5,/wɒt/ /wʊd/ /ju:/ /laɪk/,你想要什么？,句子,
I'd like… ,苏教版,四年级,四上,Unit 5,/aɪd/ /laɪk/,我想要…… ,句子,
at,苏教版,四年级,四上,Unit 6,/æt/,在（某处）,介词,
snack bar,苏教版,四年级,四上,Unit 6,/snæk/ //bɑː/,快餐店，小吃店,名词,
hamburger  /3:/,苏教版,四年级,四上,Unit 6,/'hæmbəgə/,汉堡包,名词,
a glass of,苏教版,四年级,四上,Unit 6,/ə/ /glɑːs/ /əv/,一杯,短语,
noodles,苏教版,四年级,四上,Unit 6,/'nu:dlz/,面条,名词,
dad,苏教版,四年级,四上,Unit 6,/dæd/,爸爸,名词,
sandwich,苏教版,四年级,四上,Unit 6,/'sænwɪdʒ/,三明治,名词,
a cup of,苏教版,四年级,四上,Unit 6,/ə/ /kʌp/ /əv/,一杯,短语,
coffee,苏教版,四年级,四上,Unit 6,/'kɒfi/,咖啡,名词,
Anything else? ,苏教版,四年级,四上,Unit 6,/'eniθɪŋ/ /els/,还要其他东西吗？,句子,
tea,苏教版,四年级,四上,Unit 6,/ti:/,茶,名词,
juice,苏教版,四年级,四上,Unit 6,/dʒu:s/,果汁,名词,
rice,苏教版,四年级,四上,Unit 6,/raɪs/,米饭；大米,名词,
Me too.,苏教版,四年级,四上,Unit 6,/mi:/ /tu：,我也是。,句子,
fish,苏教版,四年级,四上,Unit 6,/fɪʃ/,鱼,名词,
Can I help you? ,苏教版,四年级,四上,Unit 6,/kæn/ /aɪ/ /help/ /ju:/,我能帮你吗？,句子,
big,苏教版,四年级,四上,Unit 6,/bɪg/,大的,形容词,
how much,苏教版,四年级,四上,Unit 7,/haʊ/ /mʌtʃ/,多少；多少钱,疑问代词,
shoe,苏教版,四年级,四上,Unit 7,/ʃu:/,鞋子,名词,
yuan,苏教版,四年级,四上,Unit 7,/juˈɑːn/,人民币（元）,名词,
sock,苏教版,四年级,四上,Unit 7,/sɒks/,袜子,名词,
umbrella,苏教版,四年级,四上,Unit 7,/ʌm'brelə/,伞,名词,
only,苏教版,四年级,四上,Unit 7,/ˈəʊnli/,只有；仅仅,副词,
twenty-eight,苏教版,四年级,四上,Unit 7,/twentieɪt/,二十八,数词,
Well done. ,苏教版,四年级,四上,Unit 7,/wel/ /dʌn/,好样的。干得好。,句子,
fan,苏教版,四年级,四上,Unit 7,/fn/,扇子,名词,
twenty,苏教版,四年级,四上,Unit 7,/twenti/,二十,数词,
thirty,苏教版,四年级,四上,Unit 7,/ˈθɜːti/,三十,数词,
forty,苏教版,四年级,四上,Unit 7,/'fɔːti/,四十,数词,
fifty,苏教版,四年级,四上,Unit 7,/'fɪfti/,五十,数词,
forty-five,苏教版,四年级,四上,Unit 7,/'fɔːtifaɪv/,四十五,数词,
her,苏教版,四年级,四上,Unit 7,/hɜː/,她的,物主代词,
tail,苏教版,四年级,四上,Unit 7,/teɪl/,尾巴,名词,
long,苏教版,四年级,四上,Unit 7,/lɒŋ/,长的,形容词,
hair,苏教版,四年级,四上,Unit 8,/heə/,头发,名词,
eye,苏教版,四年级,四上,Unit 8,/aɪ/,眼睛,名词,
nose,苏教版,四年级,四上,Unit 8,/nəʊz/,鼻子,名词,
mouth,苏教版,四年级,四上,Unit 8,/maʊθ/,嘴,名词,
small,苏教版,四年级,四上,Unit 8,/smɔːl/,小的,形容词,
his,苏教版,四年级,四上,Unit 8,/hɪz/,他的,物主代词,
short,苏教版,四年级,四上,Unit 8,/ʃɔːt/,短的；矮的,形容词,
ear,苏教版,四年级,四上,Unit 8,/ɪə/,耳朵,名词,
king,苏教版,四年级,四上,Unit 8,/kɪŋ/,国王，,名词,
thin,苏教版,四年级,四上,Unit 8,/θɪn/,瘦的,形容词,
tall,苏教版,四年级,四上,Unit 8,/tɔːl/,高的,形容词,
snowman,苏教版,四年级,四上,Unit 8,/'snəʊmæn/,雪人,名词,
school,苏教版,四年级,四下,Unit 1,/sku:l/,学校,名词,
subject ,苏教版,四年级,四下,Unit 1,/ˈsʌbdʒɪkt/,课程,名词,
Welcome back to …,苏教版,四年级,四下,Unit 1,/'welkəm/ /bæk/ /tu:/,欢迎回到……,短语,
see,苏教版,四年级,四下,Unit 1,/si:/,看见，看到,动词,
timetable ,苏教版,四年级,四下,Unit 1,/'taɪmteɪbl/,课程表；时间表,名词,
Chinese ,苏教版,四年级,四下,Unit 1,/tʃaɪˈniːz/,语文（课）,名词,
Maths,苏教版,四年级,四下,Unit 1,/mæθs/,数学（课）,名词,
Art,苏教版,四年级,四下,Unit 1,/ɑːt/,美术（课）,名词,
PE,苏教版,四年级,四下,Unit 1,/pi:'i:/,体育（课）,名词,
Music,苏教版,四年级,四下,Unit 1,/'mju:zɪk/,音乐（课）,名词,
Science,苏教版,四年级,四下,Unit 1,/'saɪəns/,科学（课）,名词,
fun,苏教版,四年级,四下,Unit 1,/fʌn/,乐趣，快乐,名词,
go to,苏教版,四年级,四下,Unit 1,/gəʊ/ /tu:/,去……,短语,
playground,苏教版,四年级,四下,Unit 1,/'pleɪgraʊnd/,操场,名词,
lesson,苏教版,四年级,四下,Unit 1,/'les(ə)n/,课,名词,
Monday ,苏教版,四年级,四下,Unit 1,/ˈmʌndeɪ/,星期一,名词,
afternoon,苏教版,四年级,四下,Unit 1,/ɑːftəˈnuːn/,下午,名词,
after school,苏教版,四年级,四下,Unit 2,/ˈɑːftə/ /sku:l/,放学后,短语,
go,苏教版,四年级,四下,Unit 2,/gəʊ/,去,动词,
What day is it today?  ,苏教版,四年级,四下,Unit 2,/wɒt/ /deɪ/ /ɪz/ /ɪt/ /təˈdeɪ/,今天星期几？,句子,
Wednesday,苏教版,四年级,四下,Unit 2,/ˈwenzdeɪ/,星期三,名词,
match ,苏教版,四年级,四下,Unit 2,/mætʃ/,比赛,名词,
today,苏教版,四年级,四下,Unit 2,/təˈdeɪ/,今天,副词,
What a pity!,苏教版,四年级,四下,Unit 2,/wɒt/ /ə/ /'pɪti/,真遗憾！,句子,
Saturday    ,苏教版,四年级,四下,Unit 2,/ˈsætədeɪ/,星期六,名词,
All right.,苏教版,四年级,四下,Unit 2,/ɔːl/ /raɪt/,好的。,句子,
Sunday,苏教版,四年级,四下,Unit 2,/ˈsʌndeɪ/,星期日,名词,
Tuesday,苏教版,四年级,四下,Unit 2,/ˈtjuːzdeɪ/,星期二,名词,
Thursday,苏教版,四年级,四下,Unit 2,/ˈθɜːzdeɪ/,星期四,名词,
Friday,苏教版,四年级,四下,Unit 2,/ˈfraɪdeɪ/,星期五,名词,
get up,苏教版,四年级,四下,Unit 2,/get/ /ʌp/,起床,短语,
when,苏教版,四年级,四下,Unit 2,/wen/,什么时候,疑问代词,
every ,苏教版,四年级,四下,Unit 2,/'evri/,每个,形容词,
day ,苏教版,四年级,四下,Unit 2,/deɪ/,天,名词,
usually,苏教版,四年级,四下,Unit 3,/ˈjuːʒuəli/,通常，常常,副词,
go to school,苏教版,四年级,四下,Unit 3,/gəʊ/ /tu:/ /sku:l/,上学,短语,
in the morning,苏教版,四年级,四下,Unit 3,/ɪn/ /ðə/ /ˈmɔːnɪŋ/,在上午,短语,
have lunch,苏教版,四年级,四下,Unit 3,/hæv/ /lʌntʃ/,吃午饭,短语,
in the afternoon,苏教版,四年级,四下,Unit 3,/ɪn/ /ði:/ /ɑːftəˈnuːn/,在下午,短语,
play football,苏教版,四年级,四下,Unit 3,/pleɪ/ /'fʊtbɔ:l/,踢足球,短语,
go home,苏教版,四年级,四下,Unit 3,/gəʊ/ /həʊm/,回家,短语,
homework,苏教版,四年级,四下,Unit 3,/'həʊmwɜːk/,家庭作业,名词,
have dinner,苏教版,四年级,四下,Unit 3,/hæv/ /'dɪnə/,吃晚饭,短语,
watch TV,苏教版,四年级,四下,Unit 3,/wɒtʃ/,看电视,短语,
go to bed,苏教版,四年级,四下,Unit 3,/gəʊ/ /tu:/ /bed/,睡觉,短语,
in the evening,苏教版,四年级,四下,Unit 3,/ɪn/ /ði:/ /'i:vnɪŋ/,在晚上,短语,
at night,苏教版,四年级,四下,Unit 3,/æt/ /naɪt/,在夜里,短语,
drawing,苏教版,四年级,四下,Unit 4,/'drɔːɪŋ/,画画,名词,
park,苏教版,四年级,四下,Unit 4,/pɑːk/,公园,名词,
draw,苏教版,四年级,四下,Unit 4,/drɔː/,画,动词,
Good idea!,苏教版,四年级,四下,Unit 4,/gʊd/ /aɪˈdɪə/,好主意！,句子,
flower,苏教版,四年级,四下,Unit 4,/'flaʊə/,花，花朵,名词,
them,苏教版,四年级,四下,Unit 4,"/ðem,ðəm/",他们；她们；它们,人称代词,
easy,苏教版,四年级,四下,Unit 4,/'i:zi/,容易的，简单的,形容词,
boat,苏教版,四年级,四下,Unit 4,/bəʊt/,小船,名词,
river,苏教版,四年级,四下,Unit 4,/'rɪvə/,河；江,名词,
difficult,苏教版,四年级,四下,Unit 4,/ˈdɪfɪkəlt/,难的，困难的,形容词,
try ,苏教版,四年级,四下,Unit 4,/traɪ/,试,动词,
hill,苏教版,四年级,四下,Unit 4,/hɪl/,小山，山丘,名词,
lake,苏教版,四年级,四下,Unit 4,/leɪk/,湖，湖泊,名词,
again,苏教版,四年级,四下,Unit 4,/əˈɡen/,再一次，又一次,副词,
season,苏教版,四年级,四下,Unit 5,/ˈsiːz(ə)n/,季节,名词,
spring,苏教版,四年级,四下,Unit 5,/sprɪŋ/,春天，春季,名词,
warm,苏教版,四年级,四下,Unit 5,/wɔːm/,温暖的，暖和的,形容词,
fly,苏教版,四年级,四下,Unit 5,/flaɪ/,放（风筝、飞机模型等）,动词,
kite,苏教版,四年级,四下,Unit 5,/kaɪt/,风筝,名词,
go boating,苏教版,四年级,四下,Unit 5,/gəʊ/ /bəʊtɪŋ/,去划船,短语,
summer,苏教版,四年级,四下,Unit 5,/ˈsʌmə(r)/,夏天，夏季,名词,
hot,苏教版,四年级,四下,Unit 5,/hɒt/,热的，炎热的,形容词,
go swimming,苏教版,四年级,四下,Unit 5,/gəʊ/ /'swɪmɪŋ/,去游泳,短语,
autumn,苏教版,四年级,四下,Unit 5,/'ɔːtəm/,秋天，秋季,名词,
cool,苏教版,四年级,四下,Unit 5,/ku:l/,凉爽的，凉快的;拓展：使变凉,形容词,
picnic,苏教版,四年级,四下,Unit 5,/ˈpɪknɪk/,野餐,名词,
go climbing,苏教版,四年级,四下,Unit 5,/gəʊ/ /'klaɪɪŋ/,去爬山,短语,
winter,苏教版,四年级,四下,Unit 5,/ˈwɪntə(r)/,冬天，冬季,名词,
cold,苏教版,四年级,四下,Unit 5,/kəʊld/,冷的，寒冷的,形容词,
go skating ,苏教版,四年级,四下,Unit 5,/gəʊ/ /'skeɪtɪŋ/,去溜冰；去滑冰,短语,
fine,苏教版,四年级,四下,Unit 5,/faɪn/,晴朗的,形容词,
hey,苏教版,四年级,四下,Unit 5,/heɪ/,嘿，喂,感叹词,
whose,苏教版,四年级,四下,Unit 5,/hu:z/,谁的,疑问代词,
dress ,苏教版,四年级,四下,Unit 6,/dres/,连衣裙,名词,
too,苏教版,四年级,四下,Unit 6,/tu:/,太，过于,副词,
trousers,苏教版,四年级,四下,Unit 6,/'traʊzəz/,裤子,名词,
party,苏教版,四年级,四下,Unit 6,/'pɑːti/,聚会，派对,名词,
glove,苏教版,四年级,四下,Unit 6,/glʌv/,手套,名词,
so,苏教版,四年级,四下,Unit 6,/səʊ/,如此，这么,副词,
coat,苏教版,四年级,四下,Unit 6,/kəʊt/,外衣，外套,名词,
shirt,苏教版,四年级,四下,Unit 6,/ʃɜːt/,（男式）衬衫,名词,
sweater,苏教版,四年级,四下,Unit 6,/'swetə),毛衣；绒衣,名词,
jeans,苏教版,四年级,四下,Unit 6,/dʒi:nz/,牛仔裤,名词,
shorts,苏教版,四年级,四下,Unit 6,/ʃɔːts/,短裤,名词,
wrong,苏教版,四年级,四下,Unit 6,/rɒŋ/,错的，错误的,形容词,
move,苏教版,四年级,四下,Unit 6,/mu:v/,移动,动词,
I think so.,苏教版,四年级,四下,Unit 6,/aɪ/ /θɪŋk/ /səʊ/,我想是。,句子,
What's the matter?,苏教版,四年级,四下,Unit 6,/wɒts/ /ðə/ /ˈmætə/,怎么了？,句子,
hand,苏教版,四年级,四下,Unit 6,/hænd/,手,名词,
hurt,苏教版,四年级,四下,Unit 6,/hɜːt/,感到疼痛,动词,
thirsty,苏教版,四年级,四下,Unit 7,/'θɜːsti/,渴的，口渴的,形容词,
water,苏教版,四年级,四下,Unit 7,/ˈwɔːtə/,水,名词,
ill,苏教版,四年级,四下,Unit 7,/ɪl/,生病的,形容词,
tired,苏教版,四年级,四下,Unit 7,/'taɪəd/,累的，疲劳的,形容词,
Good night.,苏教版,四年级,四下,Unit 7,/gʊd/ /naɪt/,晚安。,句子,
dear,苏教版,四年级,四下,Unit 7,/dɪə/,亲爱的,形容词,
happy,苏教版,四年级,四下,Unit 7,/'hæpi/,快乐的，高兴的,形容词,
Mrs,苏教版,四年级,四下,Unit 7,/'mɪsɪz/,夫人，太太,名词,
speak,苏教版,四年级,四下,Unit 7,/spi:k/,说话，讲话,动词,
may,苏教版,四年级,四下,Unit 8,/meɪ/,可以,动词,情态动词
come to school,苏教版,四年级,四下,Unit 8,/kʌm/ /tu:/ /sku:l/,来学校,短语,
cold,苏教版,四年级,四下,Unit 8,/kəʊld/,感冒,名词,
fever,苏教版,四年级,四下,Unit 8,/'fi:və/,发烧,名词,
hear,苏教版,四年级,四下,Unit 8,/hɪə/,听到，听见,动词,
take care,苏教版,四年级,四下,Unit 8,/teɪk/ /keə/,保重,短语,
"I’m fine, thank you.",苏教版,四年级,四下,Unit 8,/aɪm/ /faɪn/ /θæŋk/ /ju:/,我很好，谢谢。,句子,
See you tomorrow.,苏教版,四年级,四下,Unit 8,/si:/ /ju:/ /təˈmɒrəʊ/,明天见。,句子,
See you.,苏教版,四年级,四下,Unit 8,/si:/ /ju:/,再见。,句子,
cough,苏教版,四年级,四下,Unit 8,/kɒf/,咳嗽,名词,
headache,苏教版,四年级,四下,Unit 8,/'hedeɪk/,头疼，头痛,名词,
Not so good.,苏教版,四年级,四下,Unit 8,/nɒt/ /səʊ/ /gʊd/,不太好。,句子,
at school,苏教版,四年级,四下,Unit 8,/æt/ /sku:l/,在上学；在学校,短语,
bear,苏教版,五年级,五上,Unit 1,/beə/,熊,名词,
forest,苏教版,五年级,五上,Unit 1,/ˈfɒrɪst/,森林,名词,
there,苏教版,五年级,五上,Unit 1,/ðeə/,（与be连用）有,副词,
house,苏教版,五年级,五上,Unit 1,/haʊs/,房子,名词,
soup,苏教版,五年级,五上,Unit 1,/su:p/,汤,名词,
just right,苏教版,五年级,五上,Unit 1,/dʒʌst/ /raɪt/,正合适，正好；刚好,短语,
room,苏教版,五年级,五上,Unit 1,/ru:m/,房间,名词,
hard,苏教版,五年级,五上,Unit 1,/hɑːd/,硬的,形容词,
soft,苏教版,五年级,五上,Unit 1,/sɒft/,软的；轻柔的,形容词,
afraid,苏教版,五年级,五上,Unit 1,/əˈrfeɪd/,害怕的,形容词,
in front of ,苏教版,五年级,五上,Unit 1,/ɪn/ /frʌnt/ /əv/,在…… 前面,短语,
her,苏教版,五年级,五上,Unit 1,/hɜː/,她,人称代词,
Help!,苏教版,五年级,五上,Unit 1,/help/,救命！,句子,
beside,苏教版,五年级,五上,Unit 1,/bɪ'saɪd/,在…… 旁边,介词,
between,苏教版,五年级,五上,Unit 1,/bɪ'twi:n/,在…… 中间；在…… 中间,介词,
really,苏教版,五年级,五上,Unit 1,/ˈriːəli/,真的；真正地,副词,
then,苏教版,五年级,五上,Unit 1,/ðen/,然后,副词,
find,苏教版,五年级,五上,Unit 1,/faɪnd/,找到，发现,动词,
their,苏教版,五年级,五上,Unit 1,/ðeə/,他们的,物主代词,
student,苏教版,五年级,五上,Unit 2,/'stju:dənt,学生,名词,
show… around,苏教版,五年级,五上,Unit 2,/ʃəʊ/ /əˈraʊnd/,带…… 参观,短语,
classroom,苏教版,五年级,五上,Unit 2,/ˈklɑːsruːm/,教室,名词,
second,苏教版,五年级,五上,Unit 2,/ˈsekənd/,第二,数词,
floor,苏教版,五年级,五上,Unit 2,/flɔː(r)/,楼层,名词,
computer,苏教版,五年级,五上,Unit 2,/kəmˈpjuːtə(r)/,电脑；计算机,名词,
third,苏教版,五年级,五上,Unit 2,/θɜːd/,第三,数词,
first,苏教版,五年级,五上,Unit 2,/fɜːst/,第一；首先,数词,
swing,苏教版,五年级,五上,Unit 2,/swɪŋ/,秋千；摇晃,名词,
push,苏教版,五年级,五上,Unit 2,/pʊʃ/,推,动词,
heavy,苏教版,五年级,五上,Unit 2,/ˈhevi/,重的，沉的,形容词,
stop,苏教版,五年级,五上,Unit 2,/stɒp/,停下，停止,动词,
high,苏教版,五年级,五上,Unit 2,/haɪ/,高的,形容词,
great,苏教版,五年级,五上,Unit 2,/ɡreɪt/,很多的，极大的,形容词,
one… the other… ,苏教版,五年级,五上,Unit 3,/wʌn/ /ði:/ /'ʌðə/,"一个……, 另一个……",短语,
body,苏教版,五年级,五上,Unit 3,/'bɒdi/,身体,名词,
no,苏教版,五年级,五上,Unit 3,/nəʊ/,没有，不,形容词,
leg,苏教版,五年级,五上,Unit 3,/leg/,腿,名词,
or,苏教版,五年级,五上,Unit 3,/ɔː/,也（不）；也（没有）；或者,连词,
arm,苏教版,五年级,五上,Unit 3,/ɑːm/,手臂，胳膊,名词,
wing,苏教版,五年级,五上,Unit 3,/wɪŋ/,翅膀,名词,
foot,苏教版,五年级,五上,Unit 3,/fʊt/,脚,名词,
rabbit,苏教版,五年级,五上,Unit 3,/ˈræbɪt/,兔子,名词,
give,苏教版,五年级,五上,Unit 3,/gɪv/,给,动词,
finger,苏教版,五年级,五上,Unit 3,/ˈfɪŋgə/,手指,名词,
hobby,苏教版,五年级,五上,Unit 4,/ˈhɒbi/,爱好,名词,
be good at ,苏教版,五年级,五上,Unit 4,/bi:/ /gʊd/ /æt/,擅长于…… ,短语,
with,苏教版,五年级,五上,Unit 4,/wɪð/,与…… 一起,介词,
also,苏教版,五年级,五上,Unit 4,/ˈɔːlsəʊ/,也,副词,
read,苏教版,五年级,五上,Unit 4,/ri:d/,读，阅读；读书,动词,
story,苏教版,五年级,五上,Unit 4,/ˈstɔːri/,故事,名词,
a lot of,苏教版,五年级,五上,Unit 4,/ə/ /lɒt/ /əv/,很多，许多,短语,同义：lots of
play the piano,苏教版,五年级,五上,Unit 4,/pleɪ/ /ðə/ /piˈænəʊ/,弹钢琴,短语,
dance,苏教版,五年级,五上,Unit 4,/dɑːns/,跳舞,动词,
watch films,苏教版,五年级,五上,Unit 4,/wɒtʃ/ /fɪlmz/,看电影,短语,
both,苏教版,五年级,五上,Unit 4,/bəʊθ/,(两个）都,副词,
sing,苏教版,五年级,五上,Unit 4,/sɪŋ/,唱歌,动词,
group,苏教版,五年级,五上,Unit 4,/gru:p/,组，群,名词,
about,苏教版,五年级,五上,Unit 4,/ə'baʊt/,关于,介词,
idea,苏教版,五年级,五上,Unit 4,/aɪˈdɪə/,主意，想法,名词,
ice,苏教版,五年级,五上,Unit 4,/aɪs/,冰，冰块,名词,
hole,苏教版,五年级,五上,Unit 4,/həʊl/,洞,名词,
Look out!,苏教版,五年级,五上,Unit 4,/lʊk/ /aʊt/,当心！小心！注意！,短语,
wet,苏教版,五年级,五上,Unit 4,/wet/,湿的，潮的，潮湿的,形容词,
teacher,苏教版,五年级,五上,Unit 5,/'ti:tʃə/,老师；教师,名词,
teach,苏教版,五年级,五上,Unit 5,/'ti:tʃ/,教,动词,
writer,苏教版,五年级,五上,Unit 5,/'raɪtə/,作家,名词,
write,苏教版,五年级,五上,Unit 5,/raɪt/,写，写字，写作,动词,
work,苏教版,五年级,五上,Unit 5,/wɜːk/,工作，劳动,动词,
at home,苏教版,五年级,五上,Unit 5,/æt/ /həʊm/,在家,短语,
doctor,苏教版,五年级,五上,Unit 5,/ˈdɒktə(r)/,医生,名词,
help,苏教版,五年级,五上,Unit 5,/help/,帮助,动词,
sick,苏教版,五年级,五上,Unit 5,/sɪk/,生病的,形容词,
people,苏教版,五年级,五上,Unit 5,/'pi:pl/,人；人们,名词,
factory,苏教版,五年级,五上,Unit 5,/ˈfæktəri/,工厂,名词,
worker,苏教版,五年级,五上,Unit 5,/'wɜːkə/,工人,名词,
cook,苏教版,五年级,五上,Unit 5,/kʊk/,厨师；煮，做饭,名词,
driver,苏教版,五年级,五上,Unit 5,/'draɪvə/,驾驶员，司机,名词,
farmer,苏教版,五年级,五上,Unit 5,/'fɑːmə/,农民,名词,
nurse,苏教版,五年级,五上,Unit 5,/nɜːs/,护士,名词,
policeman,苏教版,五年级,五上,Unit 5,/pəˈliːsmən/,警察,名词,
e-friend,苏教版,五年级,五上,Unit 6,/'i:frend/,网友,名词,
Wait a minute. ,苏教版,五年级,五上,Unit 6,/weɪt/ /ə/ /'mɪnɪt/,等一会儿。,句子,
send,苏教版,五年级,五上,Unit 6,/send/,发出（信件、邮件等），送，寄,动词,
email,苏教版,五年级,五上,Unit 6,/ˈiːmeɪl/,电子邮件,名词,
to,苏教版,五年级,五上,Unit 6,/tu:/,给,介词,
live,苏教版,五年级,五上,Unit 6,/lɪv/,住，居住,动词,
UK,苏教版,五年级,五上,Unit 6,/juːˈkeɪ/,英国,名词,
… years old,苏教版,五年级,五上,Unit 6,/jɪəz/ /əʊld/,…… 岁,短语,
study,苏教版,五年级,五上,Unit 6,/'stʌdi/,学习,动词,
Australia,苏教版,五年级,五上,Unit 6,/ɒˈstreɪliə/,澳大利亚,名词,
Canada,苏教版,五年级,五上,Unit 6,/ˈkænədə/,加拿大,名词,
PRC(People's Republic of China),苏教版,五年级,五上,Unit 6,/pi:ɑː'si:/,中华人民共和国,名词,
US,苏教版,五年级,五上,Unit 6,/ˌjuːˈes/,美国,名词,
Greece,苏教版,五年级,五上,Unit 6,/gri:s/,希腊,名词,
Russia,苏教版,五年级,五上,Unit 6,/ˈrʌʃə/,俄罗斯,名词,
go fishing,苏教版,五年级,五上,Unit 6,/gəʊ/ /'fɪʃɪŋ/,去钓鱼,短语,
tomorrow,苏教版,五年级,五上,Unit 6,/təˈmɒrəʊ/,明天,名词,
fishing,苏教版,五年级,五上,Unit 6,/'fɪʃɪŋ/,钓鱼，捕鱼,名词,
Don't worry. ,苏教版,五年级,五上,Unit 6,/dəʊnt/ /'wʌri/,别担心。,句子,
sit,苏教版,五年级,五上,Unit 6,/sɪt/,坐，坐在,动词,
by… ,苏教版,五年级,五上,Unit 6,/baɪ/,在…… 旁边,介词,
wait,苏教版,五年级,五上,Unit 6,/weɪt/,等，等待,动词,
at weekends,苏教版,五年级,五上,Unit 7,/æt/ /wi:'kendz/,在周末,短语,
visit,苏教版,五年级,五上,Unit 7,/'vɪzɪt/,拜访；参观；看望；游览,动词,
grandparent,苏教版,五年级,五上,Unit 7,/ˈɡrænpeərənt/,祖父；祖母；外祖父；外祖母,名词,
play with,苏教版,五年级,五上,Unit 7,/pleɪ/ /wɪð/,和…… 一起玩,短语,
very much,苏教版,五年级,五上,Unit 7,/mʌtʃ/,非常,短语,
often,苏教版,五年级,五上,Unit 7,/ˈɒf(ə)n/,经常，常常,副词,
chat,苏教版,五年级,五上,Unit 7,/tʃæt/,聊天，谈话,动词,
Internet,苏教版,五年级,五上,Unit 7,/ˈɪntənet/,网络，互联网,名词,
always,苏教版,五年级,五上,Unit 7,/ˈɔːlweɪz/,总是,副词,
sometimes,苏教版,五年级,五上,Unit 7,/ˈsʌmtaɪmz/,有时,副词,
go to the cinema,苏教版,五年级,五上,Unit 7,/gəʊ/ /tu:/ /ðə/ /ˈsɪnəmə/,去看电影,短语,
there,苏教版,五年级,五上,Unit 7,/ðeə/,那里,副词,
a lot,苏教版,五年级,五上,Unit 7,/ə/ /lɒt/,很多,短语,
come out,苏教版,五年级,五上,Unit 7,/kʌm/ /aʊt/,出来,短语,
get out,苏教版,五年级,五上,Unit 7,/get/ /aʊt/,出来,短语,
Christmas,苏教版,五年级,五上,Unit 8,/ˈkrɪsməs/,圣诞节,名词,
buy,苏教版,五年级,五上,Unit 8,/baɪ/,买,动词,
present,苏教版,五年级,五上,Unit 8,/'prezənt/,礼物,名词,
Christmas tree,苏教版,五年级,五上,Unit 8,/ˈkrɪsməs/ /tri:/,圣诞树,名词,
Father Christmas,苏教版,五年级,五上,Unit 8,/ˈfɑːðə/ /ˈkrɪsməs/,圣诞老人,短语,
next,苏教版,五年级,五上,Unit 8,/nekst/,接着，然后,副词,
put,苏教版,五年级,五上,Unit 8,/pʊt/,放,动词,
pretty,苏教版,五年级,五上,Unit 8,/ˈprɪti/,漂亮的，好看的,形容词,
thing,苏教版,五年级,五上,Unit 8,/θɪŋ/,物品，东西,名词,
look,苏教版,五年级,五上,Unit 8,/lʊk/,看起来,动词,
Christmas Eve,苏教版,五年级,五上,Unit 8,/ˈkrɪsməs/ /i:v/,圣诞夜，平安夜,短语,
stocking,苏教版,五年级,五上,Unit 8,/ˈstɒkɪŋ/,长筒袜,名词,
wait for,苏教版,五年级,五上,Unit 8,/weɪt/ /fɔː/,等候，等待,短语,
finally,苏教版,五年级,五上,Unit 8,/ˈfaɪnəli/,最后,副词,
Christmas Day,苏教版,五年级,五上,Unit 8,/ˈkrɪsməs/,圣诞节,短语,
early,苏教版,五年级,五上,Unit 8,/ˈɜːli/,早，早早地,副词,
turkey,苏教版,五年级,五上,Unit 8,/ˈtɜːki/,火鸡；火鸡肉,名词,
pudding,苏教版,五年级,五上,Unit 8,/ˈpʊdɪŋ/,布丁,名词,
all,苏教版,五年级,五上,Unit 8,/ɔːl/,全部，都,副词,
have a good time,苏教版,五年级,五上,Unit 8,/hæv/ /ə/ /gʊd/ /taɪm/,过得愉快，玩得高兴,短语,
card,苏教版,五年级,五上,Unit 8,/kɑːd/,卡片,名词,
children,苏教版,五年级,五上,Unit 8,/ˈtʃɪldrən/,孩子，儿童；孩子们,名词,
message,苏教版,五年级,五上,Unit 8,/ˈmesɪdʒ/,信息，消息,名词,
Merry Christmas!,苏教版,五年级,五上,Unit 8,/ˈkrɪsməs/,圣诞快乐！,句子,
song,苏教版,五年级,五上,Unit 8,/sɒŋ/,歌曲,名词,
What's wrong with … ?,苏教版,五年级,五上,Unit 8,/wɪð/,…… 怎么了？,句子,
him,苏教版,五年级,五上,Unit 8,/hɪm/,他,人称代词,
us,苏教版,五年级,五上,Unit 8,/ʌs/,我们,人称代词,
letter,苏教版,五年级,五上,Unit 8,/'letə/,信，信件,名词,
storybook,苏教版,五年级,五上,Unit 8,/ˈstɔːribʊk/,故事书,名词,
after,苏教版,五年级,五上,Unit 8,/ˈɑːftə/,在…… 以后,介词,
prince,苏教版,五年级,五下,Unit 1,/prɪns/,王子,名词,
fairy,苏教版,五年级,五下,Unit 1,/'feəri/,仙女,名词,
why,苏教版,五年级,五下,Unit 1,/waɪ/,为什么,疑问代词,
because,苏教版,五年级,五下,Unit 1,/bɪ'kɒz/,因为,连词,
clothes,苏教版,五年级,五下,Unit 1,/kloʊðz/,衣服,名词,
let,苏教版,五年级,五下,Unit 1,/let/,让,动词,
put on,苏教版,五年级,五下,Unit 1,/pʊt/ /ɒn/,穿上,短语,
before,苏教版,五年级,五下,Unit 1,/bɪ'fɔː/,在……以前,介词,
have to,苏教版,五年级,五下,Unit 1,/hæv/ /tu:/,不得不，必须,短语,
try on,苏教版,五年级,五下,Unit 1,/traɪ/ /ɒn/,试穿,短语,
fit,苏教版,五年级,五下,Unit 1,/fɪt/,合适，合身,动词,
take off ,苏教版,五年级,五下,Unit 1,/teɪk/ /ɒf/,脱下,短语,
mushroom,苏教版,五年级,五下,Unit 1,/ˈmʌʃrʊm/,蘑菇,名词,
late,苏教版,五年级,五下,Unit 1,/leɪt/,迟的，晚的,形容词,
pick ,苏教版,五年级,五下,Unit 1,/pɪk/,摘，拾,动词,
understand,苏教版,五年级,五下,Unit 1,/ʌndəˈstænd/,明白，理解,动词,
be bad for,苏教版,五年级,五下,Unit 1,/bi:/ /bæd/ /fɔː/,有害的,短语,
leave … behind,苏教版,五年级,五下,Unit 1,/li:v/ /bɪˈhaɪnd/,留下，丢下,短语,
far from,苏教版,五年级,五下,Unit 2,/fɑː/ /frɒm/,离……远,短语,
moon,苏教版,五年级,五下,Unit 2,/mu:n/,月亮,名词,
street,苏教版,五年级,五下,Unit 2,/stri:t/,街，街道,名词,
near,苏教版,五年级,五下,Unit 2,/nɪə/,在……附近,介词,
city,苏教版,五年级,五下,Unit 2,/'sɪti/,城市,名词,
by …  ,苏教版,五年级,五下,Unit 2,/baɪ/,乘（汽车、火车等）,动词,
bus,苏教版,五年级,五下,Unit 2,/bʌs/,公共汽车，巴士,名词,
on foot,苏教版,五年级,五下,Unit 2,/ɒn/,步行,短语,
metro,苏教版,五年级,五下,Unit 2,/ˈmetrəʊ/,地铁,名词,
taxi,苏教版,五年级,五下,Unit 2,/ˈtæksɪ/,出租车，的士,名词,
bike ,苏教版,五年级,五下,Unit 2,/baɪk/,自行车,名词,
plane,苏教版,五年级,五下,Unit 2,/pleɪn/,飞机,名词,
ship ,苏教版,五年级,五下,Unit 2,/ʃɪp/,轮船,名词,
train,苏教版,五年级,五下,Unit 2,/treɪn/,火车,名词,
ride,苏教版,五年级,五下,Unit 2,/raɪd/,骑；骑车,动词,
show,苏教版,五年级,五下,Unit 2,/ʃəʊ/,给……看,动词,
young,苏教版,五年级,五下,Unit 2,/jʌŋ/,年幼的,形容词,
basket,苏教版,五年级,五下,Unit 2,/'bɑːskɪt/,篮子,名词,
ask the way,苏教版,五年级,五下,Unit 3,/ðə/,问路,短语,
get to,苏教版,五年级,五下,Unit 3,/get/ /tu:/,到达,短语,
take,苏教版,五年级,五下,Unit 3,/teɪk/,搭乘,动词,
get on,苏教版,五年级,五下,Unit 3,/get/ /ɒn/,上车,短语,
station,苏教版,五年级,五下,Unit 3,/ˈsteɪʃ(ə)n/,车站,名词,
get off,苏教版,五年级,五下,Unit 3,/get/ /ɒf/,下车,短语,
walk,苏教版,五年级,五下,Unit 3,/wɔːk/,走，步行,动词,
bookshop,苏教版,五年级,五下,Unit 3,/bʊk/ /ʃɒp/,书店,名词,
next to,苏教版,五年级,五下,Unit 3,/nekst/ /tu:/,在……旁边,短语,
sun,苏教版,五年级,五下,Unit 3,/sʌn/,太阳,名词,
ask … for help,苏教版,五年级,五下,Unit 3,/ɑːsk/ /fɔː/ /help/,向……求助,短语,
excuse me,苏教版,五年级,五下,Unit 3,/ɪkˈskjuːs/ /mi:/,劳驾；对不起,短语,
along,苏教版,五年级,五下,Unit 3,/əˈlɒŋ/,沿着，顺着,介词,
turn right,苏教版,五年级,五下,Unit 3,/raɪt/,向右转,短语,
traffic light,苏教版,五年级,五下,Unit 3,/ˈtræfɪk/ /laɪt/,交通灯,短语,
on your right,苏教版,五年级,五下,Unit 3,/ɒn/ /raɪt/,在你的右侧,短语,
cinema,苏教版,五年级,五下,Unit 3,/ˈsɪnəmə/,电影院,名词,
hospital,苏教版,五年级,五下,Unit 3,/ˈhɒspɪt(ə)l/,医院,名词,
shop,苏教版,五年级,五下,Unit 3,/ʃɒp/,商店,名词,
zoo,苏教版,五年级,五下,Unit 3,/zu:/,动物园,名词,
turn left,苏教版,五年级,五下,Unit 3,/tɜːn/ /left/,向左转,短语,
supermarket,苏教版,五年级,五下,Unit 3,/ˈsuːpəmɑːkɪt/,超市,名词,
film,苏教版,五年级,五下,Unit 3,/fɪlm/,电影,名词,
stop,苏教版,五年级,五下,Unit 3,/stɒp/,车站,名词,
full,苏教版,五年级,五下,Unit 3,/fʊl/,满的；饱的,形容词,
over,苏教版,五年级,五下,Unit 3,/ˈəʊvə/,结束了，完了,形容词,
see the doctor,苏教版,五年级,五下,Unit 4,/si:/ /ðə/ /ˈdɒktə/,看医生，看病,短语,
feel,苏教版,五年级,五下,Unit 4,/fi:l/,感觉,动词,
check,苏教版,五年级,五下,Unit 4,/tʃek/,检查,动词,
should,苏教版,五年级,五下,Unit 4,/ʃʊd/,应该,动词,情态动词
have a rest,苏教版,五年级,五下,Unit 4,/hæv/ /ə/ /rest/,休息,短语,
take medicine ,苏教版,五年级,五下,Unit 4,/teɪk/ /ˈmedɪs(ə)n/,吃药,短语,
drink water,苏教版,五年级,五下,Unit 4,/drɪŋk/ /wɔːtə/,喝水,短语,
toothache ,苏教版,五年级,五下,Unit 4,/ˈtuːθeɪk/,牙疼,名词,
dentist,苏教版,五年级,五下,Unit 4,/'dentɪst/,牙医,名词,
anything,苏教版,五年级,五下,Unit 4,/'eniθɪŋ/,任何东西,名词,
brush one's teeth,苏教版,五年级,五下,Unit 4,/brʌʃ/ /wnz/ /ti:θ/,刷牙,短语,
bedtime,苏教版,五年级,五下,Unit 4,/'bedtaɪm/,就寝时间,名词,
giraffe,苏教版,五年级,五下,Unit 4,/dʒəˈrɑːf/,长颈鹿,名词,
point at,苏教版,五年级,五下,Unit 4,/pɔɪnt/ /æt/,指着，指向,短语,
neck,苏教版,五年级,五下,Unit 4,/nek/,脖子,名词,
parent,苏教版,五年级,五下,Unit 5,/ˈpeərənt/,父或母,名词,
clean,苏教版,五年级,五下,Unit 5,/kli:n/,擦，洗,动词,
cook  ,苏教版,五年级,五下,Unit 5,/kʊk/,烧，煮,动词,
sweep the floor  ,苏教版,五年级,五下,Unit 5,/swi:p/ /ðə/ /flɔː/,扫地,短语,
busy  ,苏教版,五年级,五下,Unit 5,/'bɪzi/,忙，忙碌,形容词,
wash the dishes  ,苏教版,五年级,五下,Unit 5,/wɒʃ/ /ðə/ /ˈdɪʃɪz/,洗碗,短语,
make the bed  ,苏教版,五年级,五下,Unit 5,/meɪk/ /ðə/ /bed/,整理床铺,短语,
grow  ,苏教版,五年级,五下,Unit 5,/grəʊ/,种植,动词,
garden  ,苏教版,五年级,五下,Unit 5,/gɑːdən/,花园，果园,名词,
sweet  ,苏教版,五年级,五下,Unit 5,/swi:t/,甜的,形容词,
pest  ,苏教版,五年级,五下,Unit 5,/pest/,害虫,名词,
ladybird  ,苏教版,五年级,五下,Unit 5,/ˈleɪdibɜːd/,瓢虫,名词,
go away  ,苏教版,五年级,五下,Unit 5,/gəʊ/ /əˈweɪ/,走了，离开,短语,
game  ,苏教版,五年级,五下,Unit 6,/geɪm/,运动，比赛,名词,
smell  ,苏教版,五年级,五下,Unit 6,/smel/,有……气味，闻起来,动词,
meat  ,苏教版,五年级,五下,Unit 6,/mi:t/,（猪、牛、羊等的）肉,名词,
vegetable  ,苏教版,五年级,五下,Unit 6,/ˈvedʒtəb(ə)l/,蔬菜,名词,
tomato  ,苏教版,五年级,五下,Unit 6,/təˈmɑːtəʊ/,西红柿，番茄,名词,
potato,苏教版,五年级,五下,Unit 6,/pəˈteɪtəʊ/,马铃薯，土豆,名词,
I can’t wait! ,苏教版,五年级,五下,Unit 6,/aɪ/ /kɑːnt/ /weɪt/,我等不及了！,句子,
look for  ,苏教版,五年级,五下,Unit 6,/lʊk/ //fɔː/,找，寻找,动词,
ready  ,苏教版,五年级,五下,Unit 6,/'redi/,准备好,形容词,
yummy  ,苏教版,五年级,五下,Unit 6,/jʌmi/,好吃的，美味的,形容词,
love  ,苏教版,五年级,五下,Unit 6,/lʌv/,喜欢，喜爱,动词,
bread  ,苏教版,五年级,五下,Unit 6,/bred/,面包,名词,
win  ,苏教版,五年级,五下,Unit 6,/wɪn/,获胜，赢,动词,
yeah  ,苏教版,五年级,五下,Unit 6,/jeə/,太好了，太棒了,感叹词,
angry  ,苏教版,五年级,五下,Unit 6,/ˈæŋɡri/,生气的，愤怒的,形容词,
spot  ,苏教版,五年级,五下,Unit 6,/spɒt/,斑，点,名词,
catch  ,苏教版,五年级,五下,Unit 6,/kætʃ/,抓，抓住,动词,
drive … away ,苏教版,五年级,五下,Unit 6,/draɪv/ /əˈweɪ/,赶走,短语,
festival  ,苏教版,五年级,五下,Unit 7,/ˈfestɪv(ə)l/,节日,名词,
Spring Festival  ,苏教版,五年级,五下,Unit 7,/sprɪŋ/ /ˈfestɪv(ə)l/,春节,名词,
January  ,苏教版,五年级,五下,Unit 7,/ˈdʒænjuəri/,一月,名词,
February  ,苏教版,五年级,五下,Unit 7,/ˈfebruəri/,二月,名词,
call  ,苏教版,五年级,五下,Unit 7,/kɔːl/,叫作，称作,动词,
Chinese New Year  ,苏教版,五年级,五下,Unit 7,/tʃaɪˈniːz/ /nju:/ /jɪə/,中国农历新年,短语,
get together  ,苏教版,五年级,五下,Unit 7,/get/ /tə'geðə/,团聚,短语,
jiaozi  ,苏教版,五年级,五下,Unit 7,——,饺子,名词,
Dragon Boat Festival  ,苏教版,五年级,五下,Unit 7,/ˈdræɡən/ /bəʊt/ /ˈfestɪv(ə)l/,端午节,名词,
May  ,苏教版,五年级,五下,Unit 7,/meɪ/,五月,名词,
June  ,苏教版,五年级,五下,Unit 7,/dʒu:n/,六月,名词,
dragon boat race  ,苏教版,五年级,五下,Unit 7,/ˈdræɡən/ /bəʊt/ /reɪs/,赛龙舟,短语,
place  ,苏教版,五年级,五下,Unit 7,/pleɪs/,地方，地点,名词,
rice dumpling  ,苏教版,五年级,五下,Unit 7,/raɪs/ /ˈdʌmplɪŋ/,粽子,短语,
Mid-Autumn Festival  ,苏教版,五年级,五下,Unit 7,/ˈfestɪv(ə)l/,中秋节,短语,
September  ,苏教版,五年级,五下,Unit 7,/sepˈtembə/,九月,名词,
October  ,苏教版,五年级,五下,Unit 7,/ɒkˈtəʊbə/,十月,名词,
moon cake  ,苏教版,五年级,五下,Unit 7,/mu:n/ /keɪk/,月饼,短语,
Double Ninth Festival(Chongyang Festival)  ,苏教版,五年级,五下,Unit 7,/ˈdʌbl/ /naɪnθ/ /ˈfestɪv(ə)l/,重阳节,短语,
November  ,苏教版,五年级,五下,Unit 7,/nəʊˈvembə(r)/,十一月,名词,
old,苏教版,五年级,五下,Unit 7,/əʊld/,老的，年纪大的,形容词,
mountain  ,苏教版,五年级,五下,Unit 7,/ˈmaʊntən/,山，山脉,名词,
rice cake  ,苏教版,五年级,五下,Unit 7,/raɪs/ /keɪk/,重阳糕,短语,
Mother’s Day ,苏教版,五年级,五下,Unit 7,/ˈmʌðəz/ /deɪ/,母亲节,短语,
Father’s  Day,苏教版,五年级,五下,Unit 7,/ˈfɑːðəz/ /deɪ/,父亲节,短语,
favourite,苏教版,五年级,五下,Unit 7,/ˈfeɪvərɪt/,最喜欢的,形容词,
birthday,苏教版,五年级,五下,Unit 8,/ˈbɜːθdeɪ/,生日,名词,
eleventh,苏教版,五年级,五下,Unit 8,/ɪ'levənθ/,第十一,数词,
eighth,苏教版,五年级,五下,Unit 8,/eɪθ/,第八,数词,
April,苏教版,五年级,五下,Unit 8,/ˈeɪprəl/,四月,名词,
together,苏教版,五年级,五下,Unit 8,/tə'geðə/,一起,副词,
game,苏教版,五年级,五下,Unit 8,/geɪm/,游戏,名词,
March,苏教版,五年级,五下,Unit 8,/mɑːtʃ/,三月,名词,
July,苏教版,五年级,五下,Unit 8,/dʒʊˈlaɪ/,七月,名词,
August,苏教版,五年级,五下,Unit 8,/ɔːɡəst/,八月,名词,
December,苏教版,五年级,五下,Unit 8,/dɪˈsembə/,十二月,名词,
hero,苏教版,五年级,五下,Unit 8,/hɪərəʊ/,英雄,名词,
play,苏教版,五年级,五下,Unit 8,/pleɪ/,戏，戏剧,名词,
number,苏教版,五年级,五下,Unit 8,/'nʌmbə/,数字，数,名词,
password,苏教版,五年级,五下,Unit 8,/ˈpɑːswɜːd/,密码,名词,
answer,苏教版,五年级,五下,Unit 8,/ˈɑːnsə/,答案,名词,
fourth,苏教版,五年级,五下,Unit 8,/fɔːθ/,第四,数词,
start,苏教版,五年级,五下,Unit 8,/stɑːt/,开始,动词,
fight,苏教版,五年级,五下,Unit 8,/faɪt/,打仗，打架,动词,
long long ago,苏教版,六年级,六上,Unit 1,/lɒŋ/,很久以前,短语,
magic,苏教版,六年级,六上,Unit 1,/ˈmædʒɪk/,有魔力的，神奇的,形容词,
clever,苏教版,六年级,六上,Unit 1,/'klevə/,聪明的,形容词,
foolish,苏教版,六年级,六上,Unit 1,/'fu:lɪ/,愚蠢的,形容词,
through,苏教版,六年级,六上,Unit 1,/θruː/,穿过,介词,
laugh,苏教版,六年级,六上,Unit 1,/lɑːf/,笑，大笑,动词,
wear,苏教版,六年级,六上,Unit 1,/weə/,穿,动词,
tell,苏教版,六年级,六上,Unit 1,/tel/,讲，叙述；告诉,动词,
each,苏教版,六年级,六上,Unit 1,/i:tʃ/,每个,形容词,
say,苏教版,六年级,六上,Unit 1,/seɪ/,说,动词,
sentence,苏教版,六年级,六上,Unit 1,/ˈsentəns/,句子,名词,
quick,苏教版,六年级,六上,Unit 1,/kwɪk/,迅速的，快的,形容词,
next,苏教版,六年级,六上,Unit 1,/nekst/,下一个,形容词,
little,苏教版,六年级,六上,Unit 1,/ˈlɪtl/,小的，年幼的,形容词,
turn,苏教版,六年级,六上,Unit 1,/tɜːn/,机会,名词,
think,苏教版,六年级,六上,Unit 1,/θɪŋk/,想，思考，认为,动词,
hard,苏教版,六年级,六上,Unit 1,/hɑːd/,努力地，费劲地,副词,
laugh at,苏教版,六年级,六上,Unit 1,/lɑːf/ /æt/,嘲笑,短语,
grandchildren,苏教版,六年级,六上,Unit 1,/ˈgrænˈtʃɪldrən/,孙子（女）；外孙子（女）,名词,
move… away,苏教版,六年级,六上,Unit 1,/əˈweɪ/,把… 搬走,短语,
child,苏教版,六年级,六上,Unit 1,/tʃaɪld/,孩子，儿童,名词,
sunny,苏教版,六年级,六上,Unit 2,/'sʌni/,晴朗的,形容词,
show,苏教版,六年级,六上,Unit 2,/ʃəʊ/,展览，展示,动词,
interesting,苏教版,六年级,六上,Unit 2,/ˈɪntrəstɪŋ/,有趣的，有意思的,形容词,
weather,苏教版,六年级,六上,Unit 2,/'weðə/,天气,名词,
become,苏教版,六年级,六上,Unit 2,/bɪ'kʌm/,变成，变为,动词,
windy,苏教版,六年级,六上,Unit 2,/ˈwɪndi/,有风的,形容词,
cloudy,苏教版,六年级,六上,Unit 2,/ˈklaʊdi/,多云的,形容词,
high,苏教版,六年级,六上,Unit 2,/haɪ/,在高处,副词,
sky,苏教版,六年级,六上,Unit 2,/skaɪ/,天空,名词,
bring,苏教版,六年级,六上,Unit 2,/brɪŋ/,带来,动词,
honey,苏教版,六年级,六上,Unit 2,/ˈhʌni/,蜂蜜,名词,
drink,苏教版,六年级,六上,Unit 2,/drɪŋk/,饮料,名词,
ant,苏教版,六年级,六上,Unit 2,/ænt/,蚂蚁,名词,
bee,苏教版,六年级,六上,Unit 2,/bi:/,蜜蜂,名词,
cloud,苏教版,六年级,六上,Unit 2,/klaʊd/,云,名词,
rain,苏教版,六年级,六上,Unit 2,/reɪn/,下雨；雨,动词,
rainy,苏教版,六年级,六上,Unit 2,/'reɪni/,有雨的，多雨的,形容词,
meet,苏教版,六年级,六上,Unit 2,/mi:t/,遇见，见面,动词,
lose,苏教版,六年级,六上,Unit 2,/lu:z/,丢失,动词,
know,苏教版,六年级,六上,Unit 2,/nəʊ/,知道,动词,
What happened?,苏教版,六年级,六上,Unit 2,/wɒt/ /ˈhæpənd/,出什么事了？,句子,
climb up,苏教版,六年级,六上,Unit 2,/klaɪm/ /ʌp/,爬上,短语,
hold onto,苏教版,六年级,六上,Unit 2,/həʊld/ /'ɒntə/,抓紧,短语,
fly away,苏教版,六年级,六上,Unit 2,/flaɪ/ /əˈweɪ/,飞走,短语,
holiday,苏教版,六年级,六上,Unit 3,/ˈhɒlədeɪ/,假日，假期,名词,
National Day,苏教版,六年级,六上,Unit 3,/ˈnæʃ(ə)nəl/ /deɪ/,国庆节,短语,
call  ,苏教版,六年级,六上,Unit 3,/kɔːl/,打电话,动词,
Bund,苏教版,六年级,六上,Unit 3,/bʌnd/,（上海）外滩,名词,
Shanghai Museum,苏教版,六年级,六上,Unit 3,Shanghai/mjuˈziːəm/,上海博物馆,短语,
star,苏教版,六年级,六上,Unit 3,/stɑː/,星星,名词,
Great Wall,苏教版,六年级,六上,Unit 3,/ɡreɪt/ /wɔːl/,长城,短语,
Palace Museum,苏教版,六年级,六上,Unit 3,/mjuˈziːəm/,故宫,短语,
Summer Palace,苏教版,六年级,六上,Unit 3,/ˈpæləs/,颐和园,短语,
Tian'anmen Square,苏教版,六年级,六上,Unit 3,Tian'anmen/skweə/,天安门广场 ,短语,
fashion show,苏教版,六年级,六上,Unit 3,/ˈfæʃ(ə)n/ /ʃəʊ/,时装表演，时装秀,短语,
excited,苏教版,六年级,六上,Unit 3,/ɪkˈsaɪtɪd/,激动的，兴奋的,形容词,
paper,苏教版,六年级,六上,Unit 3,/ˈpeɪpə/,纸,名词,
ask,苏教版,六年级,六上,Unit 3,/ɑːsk/,问,动词,
bottle,苏教版,六年级,六上,Unit 3,/ˈbɒt(ə)l/,瓶子,名词,
go well,苏教版,六年级,六上,Unit 3,/gəʊ/,进展顺利,短语,
at first,苏教版,六年级,六上,Unit 3,/æt/,开始，最初,短语,
heavy rain,苏教版,六年级,六上,Unit 3,/'hevi/ /reɪn/,大雨,名词,
then and now,苏教版,六年级,六上,Unit 4,/ðen/ /ənd/ /naʊ/,过去和现在,短语,
ago,苏教版,六年级,六上,Unit 4,/əˈgəʊ/,…… 以前,副词,
use,苏教版,六年级,六上,Unit 4,/ju:z/,使用，利用,动词,
telephone,苏教版,六年级,六上,Unit 4,/'telɪfəʊn/,电话,名词,
office,苏教版,六年级,六上,Unit 4,/pəˈliːs/,办公室,名词,
mobile phone,苏教版,六年级,六上,Unit 4,/ˈməʊbaɪl/ /fəʊn/,移动电话，手机,名词,
anywhere,苏教版,六年级,六上,Unit 4,/'eniweə/,随处，到处,副词,
radio,苏教版,六年级,六上,Unit 4,/ˈreɪdiəʊ/,收音机,名词,
newspaper,苏教版,六年级,六上,Unit 4,/ˈnjuːzpeɪpə/,报纸,名词,
news,苏教版,六年级,六上,Unit 4,/njuːz/,新闻,名词,
watch,苏教版,六年级,六上,Unit 4,/wɒtʃ/,观看,动词,
e-book,苏教版,六年级,六上,Unit 4,/'i:bʊk/,电子书,名词,
make friends,苏教版,六年级,六上,Unit 4,/meɪk/ /frendz/,交朋友,短语,
all over the world,苏教版,六年级,六上,Unit 4,/ɔːl/ /ˈəʊvə/ /ðə/ /wɜːld/,全世界,短语,
do shopping,苏教版,六年级,六上,Unit 4,/du:/ /'ʃɒpɪŋ/,购物,短语,
TV（=television),苏教版,六年级,六上,Unit 4,/ti:'vi:/,电视,名词,
look out of,苏教版,六年级,六上,Unit 4,/lʊk/ /aʊt/ /əf/,朝… 外看,短语,
go on,苏教版,六年级,六上,Unit 4,/gəʊ/ /ɒn/,继续,短语,
still,苏教版,六年级,六上,Unit 4,/stɪl/,仍然,副词,
What day is today?,苏教版,六年级,六上,Unit 4,/wɒt/ /deɪ/ /ɪz/ /təˈdeɪ/,今天是星期几？,句子,
spell,苏教版,六年级,六上,Unit 4,/spel/,拼读，拼写,动词,
make a sentence,苏教版,六年级,六上,Unit 4,/meɪk/ /ə/ /ˈsentəns/,造句,短语,
with,苏教版,六年级,六上,Unit 4,/wɪð/,用,介词,
yesterday,苏教版,六年级,六上,Unit 4,/ˈjestədeɪ/,昨天,副词,
sign,苏教版,六年级,六上,Unit 5,/saɪn/,标识,名词,
shopping centre,苏教版,六年级,六上,Unit 5,/'ʃɒpɪŋ/ /ˈsentə/,购物中心,短语,
careful,苏教版,六年级,六上,Unit 5,/keəf(ə)l/,小心的，当心的,形容词,
What does it mean?,苏教版,六年级,六上,Unit 5,/wɒt/ /dʌz/ /ɪt/ /mi:n/,它是什么意思？,句子,
mean,苏教版,六年级,六上,Unit 5,/mi:n/,意思是,动词,
floor,苏教版,六年级,六上,Unit 5,/flɔː/,地面,名词,
litter,苏教版,六年级,六上,Unit 5,/ˈlɪtə/,乱扔垃圾,动词,
go in,苏教版,六年级,六上,Unit 5,/gəʊ/ /ɪn/,进入，走进,短语,
take … into ,苏教版,六年级,六上,Unit 5,/teɪk/ /ˈɪntə/,带入,短语,
restaurant,苏教版,六年级,六上,Unit 5,/ˈrestrɒnt/,饭店，餐厅,名词,
someone,苏教版,六年级,六上,Unit 5,/ˈsʌmwʌn/,某人,名词,
smoke,苏教版,六年级,六上,Unit 5,/sməʊk/,吸烟，抽烟,动词,
smell  ,苏教版,六年级,六上,Unit 5,/smel/,闻到；闻起来,动词,
No eating or drinking. ,苏教版,六年级,六上,Unit 5,/nəʊ/ /'i:tɪŋ/ /ɔː/ /'drɪŋkɪŋ/,请勿饮食。,句子,
No littering. ,苏教版,六年级,六上,Unit 5,/nəʊ/ /ˈlɪtərɪŋ/,请勿乱扔垃圾。,句子,
No parking. ,苏教版,六年级,六上,Unit 5,/nəʊ/ /'pɑːkɪŋ/,请勿停车。,句子,
No smoking. ,苏教版,六年级,六上,Unit 5,/nəʊ/ /'sməʊkɪŋ/,请勿吸烟。,句子,
Danger!,苏教版,六年级,六上,Unit 5,/ˈdeɪndʒə/,危险！,句子,
Wet floor. ,苏教版,六年级,六上,Unit 5,/wet/ /flɔː/,小心地滑。,句子,
outing,苏教版,六年级,六上,Unit 5,/'aʊtɪŋ/,外出游玩，远足,名词,
walk on,苏教版,六年级,六上,Unit 5,/wɔːk/ /ɒn/,继续走路,短语,
around,苏教版,六年级,六上,Unit 5,/əˈraʊnd/,在…… 周围,介词,
keep,苏教版,六年级,六上,Unit 6,/ki:p/,保持,动词,
clean,苏教版,六年级,六上,Unit 6,/kli:n/,干净的，整洁的,形容词,
make,苏教版,六年级,六上,Unit 6,/meɪk/,使…… 变得,动词,
air,苏教版,六年级,六上,Unit 6,/eə/,空气,名词,
dirty,苏教版,六年级,六上,Unit 6,/ˈdɜːti/,肮脏的,形容词,
smoke,苏教版,六年级,六上,Unit 6,/sməʊk/,烟雾；抽烟,名词,
rubbish,苏教版,六年级,六上,Unit 6,/ˈrʌbɪʃ/,垃圾,名词,
messy,苏教版,六年级,六上,Unit 6,/'mesi/,肮脏的，乱七八糟的,形容词,
dead,苏教版,六年级,六上,Unit 6,/ded/,死的,形容词,
move… away from,苏教版,六年级,六上,Unit 6,/mu:v/ /əˈweɪ/ /frɒm/,从…… 搬走,短语,
bin,苏教版,六年级,六上,Unit 6,/bɪn/,垃圾桶,名词,
plant,苏教版,六年级,六上,Unit 6,/ˈplɑːnt/,种植，栽种；植物,动词,
more,苏教版,六年级,六上,Unit 6,/mɔː/,更多的,形容词,
museum,苏教版,六年级,六上,Unit 6,/mjuˈziːəm/,博物馆,名词,
throw,苏教版,六年级,六上,Unit 6,/θrəʊ/,扔,动词,
skin,苏教版,六年级,六上,Unit 6,/skɪn/,果皮,名词,
ground,苏教版,六年级,六上,Unit 6,/graʊnd/,地面，地上,名词,
pick… up,苏教版,六年级,六上,Unit 6,/pɪk/ /ʌp/,捡起，拾起,动词,
slip,苏教版,六年级,六上,Unit 6,/slɪp/,滑到,动词,
fall,苏教版,六年级,六上,Unit 6,/fɔːl/,摔倒,动词,
protect,苏教版,六年级,六上,Unit 7,/prəˈtekt/,保护,动词,
Earth,苏教版,六年级,六上,Unit 7,/ɜːθ/,地球,名词,
save,苏教版,六年级,六上,Unit 7,/seɪv/,节约,动词,
useful,苏教版,六年级,六上,Unit 7,/ˈjuːsf(ə)l/,有用的,形容词,
much,苏教版,六年级,六上,Unit 7,/mʌtʃ/,很多,形容词,
waste,苏教版,六年级,六上,Unit 7,/weɪst/,浪费,动词,
reuse,苏教版,六年级,六上,Unit 7,/riːˈjuːz/,再利用,动词,
energy,苏教版,六年级,六上,Unit 7,/ˈenədʒi/,能源，能量,名词,
most,苏教版,六年级,六上,Unit 7,/məʊst/,大部分；最多的,名词,
come from,苏教版,六年级,六上,Unit 7,/kʌm/ /frɒm/,从… 来，来自,动词,
coal,苏教版,六年级,六上,Unit 7,/kəʊl/,煤炭,名词,
oil,苏教版,六年级,六上,Unit 7,/ɔɪl/,石油,名词,
drive,苏教版,六年级,六上,Unit 7,/draɪv/,开车，驾驶,动词,
wood,苏教版,六年级,六上,Unit 7,/wʊd/,木头，木材,名词,
other,苏教版,六年级,六上,Unit 7,/'ʌðə/,其他的,形容词,
cut down,苏教版,六年级,六上,Unit 7,/kʌt/ /daʊn/,砍伐，砍掉,短语,
too many,苏教版,六年级,六上,Unit 7,/tu:/ /'meni/,太多,短语,
too much,苏教版,六年级,六上,Unit 7,/tu:/ /mʌtʃ/,太多,短语,
plastic,苏教版,六年级,六上,Unit 7,/ˈplæstɪk/,塑料,名词,
glass,苏教版,六年级,六上,Unit 7,/glɑːs/,玻璃,名词,
project,苏教版,六年级,六上,Unit 7,/'prɒdʒekt/,课题；计划,名词,
poster,苏教版,六年级,六上,Unit 7,/'pəʊstə/,海报,名词,
gate,苏教版,六年级,六上,Unit 7,/geɪt/,大门,名词,
get,苏教版,六年级,六上,Unit 8,/get/,收到，接到,动词,
Hong Kong,苏教版,六年级,六上,Unit 8,/ˈhɔŋkɔŋ/,香港,名词,
next week,苏教版,六年级,六上,Unit 8,/nekst/ /wi:k/,下周,短语,
food,苏教版,六年级,六上,Unit 8,/fu:d/,食物，食品,名词,
tangyuan,苏教版,六年级,六上,Unit 8,——,汤圆,名词,
Chinese New Year's Eve,苏教版,六年级,六上,Unit 8,/tʃaɪˈniːz/ /nju:/ /jɪəz/ /i:v/,大年夜，除夕,短语,
Chinese New Year's Day,苏教版,六年级,六上,Unit 8,/tʃaɪˈniːz/ /nju:/ /jɪəz/ /deɪ/,大年初一，春节,短语,
red packet,苏教版,六年级,六上,Unit 8,/red/ /ˈpækɪt/,红包,短语,
lion dance,苏教版,六年级,六上,Unit 8,/'laɪən/ /dɑːns/,舞狮,短语,
fireworks,苏教版,六年级,六上,Unit 8,/'faɪəwɜːks/,烟花表演,名词,
firecracker,苏教版,六年级,六上,Unit 8,/'faɪəkrækə/,鞭炮,名词,
rich,苏教版,六年级,六上,Unit 8,/rɪtʃ/,富有的，有钱的,形容词,
plan,苏教版,六年级,六上,Unit 8,/plæn/,计划，打算,名词,
hooray,苏教版,六年级,六上,Unit 8,/huˈreɪ/,好极了,感叹词,
light,苏教版,六年级,六上,Unit 8,/laɪt/,点燃,动词,
mouse  ,苏教版,六年级,六下,Unit 1,/maʊs/,老鼠,名词,
large  ,苏教版,六年级,六下,Unit 1,/lɑːdʒ/,大的,形容词,
strong  ,苏教版,六年级,六下,Unit 1,/strɔŋ/,强大的，强壮的,形容词,
walk by  ,苏教版,六年级,六下,Unit 1,/wɔːk/ /baɪ/,走过，路过,短语,
wake … up ,苏教版,六年级,六下,Unit 1,/weɪk/ /ʌp/,吵醒，叫醒,短语,
some day  ,苏教版,六年级,六下,Unit 1,/sʌm/ /deɪ/,某一天,短语,
quietly  ,苏教版,六年级,六下,Unit 1,/'kwaɪətli/,小声地，安静地,副词,
weak  ,苏教版,六年级,六下,Unit 1,/wi:k/,弱的，软弱的,副词,
loudly  ,苏教版,六年级,六下,Unit 1,/ˈlaʊdli/,大声地,副词,
let ... go  ,苏教版,六年级,六下,Unit 1,/let/ /gəʊ/,释放，放开,短语,
the next day  ,苏教版,六年级,六下,Unit 1,/ðə/ /nekst/ /deɪ/,第二天,短语,
net  ,苏教版,六年级,六下,Unit 1,/net/,网,名词,
bite  ,苏教版,六年级,六下,Unit 1,/baɪt/,咬,动词,
sharp  ,苏教版,六年级,六下,Unit 1,/ʃɑːp/,锋利的，尖的,形容词,
sadly  ,苏教版,六年级,六下,Unit 1,/ˈsædli/,难过地，伤心地,副词,
just then  ,苏教版,六年级,六下,Unit 1,/dʒʌst/ /ðen/,就在那时,短语,
soon  ,苏教版,六年级,六下,Unit 1,/su:n/,不久，很快,副词,
happily  ,苏教版,六年级,六下,Unit 1,/ˈhæpɪli/,开心地，高兴地,副词,
from then on  ,苏教版,六年级,六下,Unit 1,/frɒm/ /ðen/ /ɒn/,从那时起,短语,
cheer  ,苏教版,六年级,六下,Unit 1,/tʃɪə/,欢呼,动词,
hit  ,苏教版,六年级,六下,Unit 1,/hɪt/,打，击,动词,
deep  ,苏教版,六年级,六下,Unit 1,/di:p/,深的,形容词,
reach  ,苏教版,六年级,六下,Unit 1,/ri:tʃ/,够得着；到达,动词,
quickly  ,苏教版,六年级,六下,Unit 1,/kwɪkli/,迅速地，快地,副词,
pour … into ,苏教版,六年级,六下,Unit 1,/pɔː/ /ˈɪntə/,把……倒入,短语,
habit  ,苏教版,六年级,六下,Unit 2,/'hæbɪt/,习惯,名词,
never  ,苏教版,六年级,六下,Unit 2,/'nevə/,从不,副词,
late  ,苏教版,六年级,六下,Unit 2,/leɪt/,迟，晚,副词,
put … in order ,苏教版,六年级,六下,Unit 2,/pʊt/,把……整理得井井有条,短语,
finish  ,苏教版,六年级,六下,Unit 2,/ˈfɪnɪʃ/,完成,动词,
tidy  ,苏教版,六年级,六下,Unit 2,/ˈtaɪdi/,干净的，整齐的,形容词,
bad  ,苏教版,六年级,六下,Unit 2,/bæd/,不好的，坏的,形容词,
sleepy  ,苏教版,六年级,六下,Unit 2,/'sli:pi/,困的，困倦的,形容词,
last night  ,苏教版,六年级,六下,Unit 2,/lɑːst/ /naɪt/,昨夜,短语,
fast  ,苏教版,六年级,六下,Unit 2,/fɑːst/,快地,副词,
go into  ,苏教版,六年级,六下,Unit 2,/gəʊ/ /ˈɪntə/,走进，走入,短语,
slowly  ,苏教版,六年级,六下,Unit 2,/ˈsləʊli/,慢速地,副词,
badly  ,苏教版,六年级,六下,Unit 2,/'bædli/,差地，不好,副词,
healthy  ,苏教版,六年级,六下,Unit 3,/ˈhelθi/,健康的,形容词,
diet  ,苏教版,六年级,六下,Unit 3,/ˈdaɪət/,饮食,名词,
a little  ,苏教版,六年级,六下,Unit 3,/ə/ /'lɪtl/,一点,短语,
a few  ,苏教版,六年级,六下,Unit 3,/ə/ /fju:/,几个,短语,
at a time  ,苏教版,六年级,六下,Unit 3,/æt/ /ə/ /taɪm/,一次,短语,
cola  ,苏教版,六年级,六下,Unit 3,/ˈkəʊlə/,可乐,名词,
need  ,苏教版,六年级,六下,Unit 3,/ni:d/,需要,动词,
road  ,苏教版,六年级,六下,Unit 4,/rəʊd/,马路，公路,名词,
safety  ,苏教版,六年级,六下,Unit 4,/'seɪfti/,安全,名词,
cross  ,苏教版,六年级,六下,Unit 4,/krɒs/,穿过，穿行,动词,
safely  ,苏教版,六年级,六下,Unit 4,/ˈseɪfli/,安全地,副词,
must  ,苏教版,六年级,六下,Unit 4,/mʌst/,必须,动词,
zebra crossing  ,苏教版,六年级,六下,Unit 4,/ˈzebrə/ /ˈkrɒsɪŋ/,斑马线,名词,
safe  ,苏教版,六年级,六下,Unit 4,/seɪf/,安全的,形容词,
pavement  ,苏教版,六年级,六下,Unit 4,/'peɪvmənt/,人行道,名词,
look out for  ,苏教版,六年级,六下,Unit 4,/lʊk/ /aʊt/ /fɔː/,当心，提防,短语,
easily  ,苏教版,六年级,六下,Unit 4,/ˈiːzəli/,容易地,副词,
follow  ,苏教版,六年级,六下,Unit 4,/ˈfɒləʊ/,遵守,动词,
rule  ,苏教版,六年级,六下,Unit 4,/ru:l/,规则,名词,
stay  ,苏教版,六年级,六下,Unit 4,/steɪ/,保持,动词,
light  ,苏教版,六年级,六下,Unit 4,/laɪt/,灯,名词,
Children’s Day ,苏教版,六年级,六下,Unit 5,/tʃɪldrən/, 儿童节,名词,
clown  ,苏教版,六年级,六下,Unit 5,/claʊn/,小丑,名词,
appear  ,苏教版,六年级,六下,Unit 5,/əˈpɪə/,出现,动词,
balloon  ,苏教版,六年级,六下,Unit 5,/bəˈluːn/,气球,名词,
begin  ,苏教版,六年级,六下,Unit 5,/bɪˈɡɪn/,开始,动词,
put on  ,苏教版,六年级,六下,Unit 5,/pʊt/ /ɒn/,上演，表演,短语,
end  ,苏教版,六年级,六下,Unit 5,/end/,结束,动词,
country  ,苏教版,六年级,六下,Unit 6,/ˈkʌntri/,国家,名词,
will  ,苏教版,六年级,六下,Unit 6,/wɪl/,将，将要,动词,
learn  ,苏教版,六年级,六下,Unit 6,/lɜːn/,学习,动词,
Australia  ,苏教版,六年级,六下,Unit 6,/ɒˈstreɪliə/,澳大利亚,名词,
find out  ,苏教版,六年级,六下,Unit 6,/faɪnd/ /aʊt/,发现,短语,
magazine  ,苏教版,六年级,六下,Unit 6,/mæɡəˈziːn/,杂志,名词,
kangaroo  ,苏教版,六年级,六下,Unit 6,/kæŋɡəˈruː/,袋鼠,名词,
koala  ,苏教版,六年级,六下,Unit 6,/kəʊˈɑːlə/,考拉,名词,
sport-lover  ,苏教版,六年级,六下,Unit 6,/'spɔːtlʌvə/,运动爱好者,名词,
Australian football  ,苏教版,六年级,六下,Unit 6,/ˈlʌvə/,澳式橄榄球,短语,
exciting  ,苏教版,六年级,六下,Unit 6,/ɪkˈsaɪtɪŋ/,令人激动的，令人兴奋的,形容词,
Sydney  ,苏教版,六年级,六下,Unit 6,/ˈsɪdni/,（澳大利亚城市）悉尼,名词,
welcome  ,苏教版,六年级,六下,Unit 6,/'welkəm/,欢迎,动词,
visitor  ,苏教版,六年级,六下,Unit 6,/ˈvɪzɪtə/,游人，游客,名词,
for example  ,苏教版,六年级,六下,Unit 6,/fɔː/ /ɪɡˈzɑːmpl/,例如,短语,
London  ,苏教版,六年级,六下,Unit 6,/ˈlʌndən/,（英国城市）伦敦,名词,
Oxford  ,苏教版,六年级,六下,Unit 6,/ˈɒksfəd/,（英国城市）牛津,名词,
like,苏教版,六年级,六下,Unit 6,/laɪk/,如,介词,
Big Ben  ,苏教版,六年级,六下,Unit 6,/bɪg/ /ben/,（伦敦）大本钟,短语,
London Eye  ,苏教版,六年级,六下,Unit 6,/ˈlʌndən/ /aɪ/,（伦敦的摩天轮）伦敦眼,短语,
Tower Bridge  ,苏教版,六年级,六下,Unit 6,/ˈtaʊə/ /brɪdʒ/,（伦敦）塔桥,短语,
What do you think?  ,苏教版,六年级,六下,Unit 6,/wɒt/ /du:/ /ju:/ /θɪŋk/,你觉得呢？,句子,
month,苏教版,六年级,六下,Unit 6,/mʌnθ/,月,名词,
summer holiday  ,苏教版,六年级,六下,Unit 7,/ˈsʌmə/ /ˈhɒlədeɪ/,暑假,名词,
go back to  ,苏教版,六年级,六下,Unit 7,/gəʊ/ /bæk/ /tu:/,回去,短语,
how long  ,苏教版,六年级,六下,Unit 7,/haʊ/ /lɒŋ/,多久,短语,
stay  ,苏教版,六年级,六下,Unit 7,/steɪ/,停留,动词,
sound  ,苏教版,六年级,六下,Unit 7,/saʊnd/,听起来，听上去,动词,
Disneyland  ,苏教版,六年级,六下,Unit 7,/ˈdɪznilænd/,迪士尼乐园,名词,
Ocean Park  ,苏教版,六年级,六下,Unit 7,/ˈəʊʃ(ə)n/ /pɑːk/,（香港）海洋公园,短语,
Taipei  ,苏教版,六年级,六下,Unit 7,/ˈtaɪpeɪ/,台北,名词,
photo,苏教版,六年级,六下,Unit 7,/ˈfəʊtəʊ/,照片 ,名词,
travel  ,苏教版,六年级,六下,Unit 7,/ˈtræv(ə)l/,旅游,动词,
traveller  ,苏教版,六年级,六下,Unit 7,/ˈtrævlə/,旅行者,名词,
travel around the world  ,苏教版,六年级,六下,Unit 7,/ˈtræv(ə)l/ /əˈraʊnd/ /ðə/ /wɜːld/,环游世界,短语,
different,苏教版,六年级,六下,Unit 7,/ˈdɪfrənt/,不同的 ,形容词,
dream,苏教版,六年级,六下,Unit 8,/dri:m/,梦想,名词,
future,苏教版,六年级,六下,Unit 8,/ˈfjuːtʃə/,将来，未来,名词,
care about  ,苏教版,六年级,六下,Unit 8,/keə/ /ə'baʊt/,关心，在乎,短语,
tooth  ,苏教版,六年级,六下,Unit 8,/tuːθ/,牙齿,名词,
astronaut  ,苏教版,六年级,六下,Unit 8, /ˈæstrənɔːt/,宇航员,名词,
spaceship  ,苏教版,六年级,六下,Unit 8,/ˈspeɪsʃɪp/,宇宙飞船,名词,
football player  ,苏教版,六年级,六下,Unit 8,/ˈfʊtbɔːl/ /'pleɪə/,足球运动员,短语,
World Cup  ,苏教版,六年级,六下,Unit 8,/wɜːld/ /kʌp/,世界杯,名词,
dancer  ,苏教版,六年级,六下,Unit 8,/ˈdɑːnsə/,舞蹈家,名词,
pianist  ,苏教版,六年级,六下,Unit 8,/ˈpɪənɪst/,钢琴演奏家,名词,
come true  ,苏教版,六年级,六下,Unit 8,/kʌm/ /tru:/,实现，成真,短语,
take care of  ,苏教版,六年级,六下,Unit 8,/teɪk/ /keə/ /əv/,爱护；照顾,短语,
scientist  ,苏教版,六年级,六下,Unit 8,/ˈsaɪəntɪst/,科学家,名词,
brave,苏教版,六年级,六下,Unit 8,/breɪv/,勇敢的 ,形容词,
artist  ,苏教版,六年级,六下,Unit 8,/ˈɑːtɪst/,艺术家,名词,
paint  ,苏教版,六年级,六下,Unit 8,/peɪnt/,画画,动词,
